client_display_name,legal_entity_name_if_known,domain,logo_source_url,source_type,original_file,svg_file,png_file,webp_file,mono_light_file,mono_dark_file,confidence_score,permission_status,brand_notes,needs_manual_review,recommended_for_homepage,recommended_for_reference_page
Siemens Energy,Siemens Energy s.r.o.,siemens-energy.com,https://commons.wikimedia.org/wiki/File:Siemens_Energy_logo.svg,wikimedia,raw/siemens-energy.svg,web/siemens-energy.svg,web/siemens-energy.png,web/siemens-energy.webp,processed/mono-light/siemens-energy-mono-light.svg,processed/mono-dark/siemens-energy-mono-dark.svg,high,public_reference_confirmed,"SOUHLAS: užití loga jako reference smluvně ošetřeno (rámcová smlouva SINTERA – „Zákazník souhlasí s umístěním svého loga jako referenčního zákazníka pro účely webové a tištěné prezentace“). Correct current Siemens Energy two-tone wordmark adopted after the 2020 spin-off from Siemens AG: ""SIEMENS"" in petrol/teal (#009999) over ""energy"" in purple (#641e8c). This is the brand mark requested in the brief, NOT the Siemens AG sans-serif logo. Clean … | Jméno + reference už zveřejněny na sintera.cz/reference",no,yes,yes
Panasonic,Panasonic Automotive Systems Czech s.r.o.,panasonic.com,https://commons.wikimedia.org/wiki/File:Panasonic_logo_(Blue).svg,wikimedia,raw/panasonic.svg,web/panasonic.svg,web/panasonic.png,web/panasonic.webp,processed/mono-light/panasonic-mono-light.svg,processed/mono-dark/panasonic-mono-dark.svg,high,public_reference_confirmed,"SOUHLAS: užití loga jako reference smluvně ošetřeno (rámcová smlouva SINTERA – „Zákazník souhlasí s umístěním svého loga jako referenčního zákazníka pro účely webové a tištěné prezentace“). Current blue ""Panasonic"" wordmark (corporate logo since 2008 rebrand from Matsushita). Single uniform fill #0056A8 (Panasonic Blue) across all 13 glyph paths. Clean vector SVG, 504x80 viewBox, sharp on dark navy strip and light reference page alike. Local q… | Jméno + reference už zveřejněny na sintera.cz/reference",no,yes,yes
ZF,ZF Passive Safety Czech s.r.o.,zf.com,https://commons.wikimedia.org/wiki/File:ZF_logo_STD_Blue_3CC.svg,wikimedia,raw/zf.svg,web/zf.svg,web/zf.png,web/zf.webp,processed/mono-light/zf-mono-light.svg,processed/mono-dark/zf-mono-dark.svg,medium,public_reference_confirmed,"SOUHLAS: užití loga jako reference smluvně ošetřeno (rámcová smlouva SINTERA – „Zákazník souhlasí s umístěním svého loga jako referenčního zákazníka pro účely webové a tištěné prezentace“). Blue circular ""ZF"" roundel — the current/standard ZF corporate mark (parent: ZF Friedrichshafen AG). Chosen file ""ZF logo STD Blue 3CC.svg"" is a single-path vector on TRANSPARENT background with fill #0057B7 (ZF standard brand blue), which structurally matc… | ZPRACOVÁNÍ: Ověřit aktuálnost verze (verifikace upozornila na možnou starší variantu). Modrý roundel ZF; oficiální EPS je i v interních podkladech Sintery (ANALYTIKA/ZF Klášterec). | Jméno + reference už zveřejněny na sintera.cz/reference",yes,yes,yes
Nestlé,Nestlé Česko s.r.o.,nestle.com,https://commons.wikimedia.org/wiki/File:Nestl%C3%A9_textlogo.svg,wikimedia,raw/nestle.svg,web/nestle.svg,web/nestle.png,web/nestle.webp,processed/mono-light/nestle-mono-light.svg,processed/mono-dark/nestle-mono-dark.svg,high,public_reference_confirmed,"SOUHLAS: užití loga jako reference smluvně ošetřeno (rámcová smlouva SINTERA – „Zákazník souhlasí s umístěním svého loga jako referenčního zákazníka pro účely webové a tištěné prezentace“). Clean wordmark-only ""Nestlé"" SVG (the brief's preferred form for a logo strip), sourced from Wikimedia Commons file ""Nestlé textlogo.svg"" (nominal 300×82, single vector path, fill #939ca1 grey). This is the current official Nestlé wordmark and matches the w… | ZPRACOVÁNÍ: Použit čistý wordmark „Nestlé"" (bez ptačího hnízda) — vhodnější pro logo strip",yes,yes,yes
Safran Cabin,Safran Cabin CZ s.r.o.,safran-group.com,https://commons.wikimedia.org/wiki/File:Safran_2016_logo.svg,wikimedia,raw/safran-cabin.svg,web/safran-cabin.svg,web/safran-cabin.png,web/safran-cabin.webp,processed/mono-light/safran-cabin-mono-light.svg,processed/mono-dark/safran-cabin-mono-dark.svg,high,public_reference_confirmed,"SOUHLAS: užití loga jako reference smluvně ošetřeno (rámcová smlouva SINTERA – „Zákazník souhlasí s umístěním svého loga jako referenčního zákazníka pro účely webové a tištěné prezentace“). Used the CURRENT Safran group logo (3D blue gradient swirl ""S"" inside an open circular ring + grey ""SAFRAN"" wordmark), exactly matching the internal Sintera reference (/tmp/sintera_logos/internal/safran.png). This is the correct mark for Safran Cabin, which… | Jméno + reference už zveřejněny na sintera.cz/reference",no,yes,yes
Alstom,"Alstom (CZ site, former Bombardier Transportation, Česká Lípa); parent Alstom SA",alstom.com,https://commons.wikimedia.org/wiki/Special:FilePath/Alstom%20logo.svg,wikimedia,raw/alstom.svg,web/alstom.svg,web/alstom.png,web/alstom.webp,processed/mono-light/alstom-mono-light.svg,processed/mono-dark/alstom-mono-dark.svg,high,public_reference_confirmed,"SOUHLAS: užití loga jako reference smluvně ošetřeno (rámcová smlouva SINTERA – „Zákazník souhlasí s umístěním svého loga jako referenčního zákazníka pro účely webové a tištěné prezentace“). Current post-2020 Alstom logo: navy wordmark ""ALSTOM"" (#1E3246) with the red abstract swirl emblem (#DC3223) replacing the ""O"". Confirmed via WebSearch as the present brand identity (deep blue + red swirl). This is the correct global Alstom SA brand that ab…",no,yes,yes
Vitesco Technologies,Vitesco Technologies Czech Republic s.r.o.,vitesco-technologies.com,https://commons.wikimedia.org/wiki/File:Vitesco_Technologies_logo.svg,wikimedia,raw/vitesco.svg,web/vitesco.svg,web/vitesco.png,web/vitesco.webp,processed/mono-light/vitesco-mono-light.svg,processed/mono-dark/vitesco-mono-dark.svg,medium,public_reference_confirmed,"SOUHLAS: užití loga jako reference smluvně ošetřeno (rámcová smlouva SINTERA – „Zákazník souhlasí s umístěním svého loga jako referenčního zákazníka pro účely webové a tištěné prezentace“). Lowercase ""vitesco TECHNOLOGIES"" wordmark, official monochrome dark-gray (#4a4944) version, rendered as vector paths in a clean SVG (1024x378, viewBox present, transparent background). Matches the internal Sintera ground-truth reference exactly (same distin… | ZPRACOVÁNÍ: Zdrojové SVG je monochromní (tmavě šedá #4a4944); barevná varianta je na tmavém pozadí nevýrazná — pro strip používej mono-light",yes,yes,yes
Edwards,Edwards s.r.o. (Edwards Vacuum),edwardsvacuum.com,https://www.edwardsvacuum.com/etc.clientlibs/settings/wcm/designs/edwards/clientlib-preloaded/resources/img/svg/logo.svg,official_website,raw/edwards.svg,web/edwards.svg,web/edwards.png,web/edwards.webp,processed/mono-light/edwards-mono-light.svg,processed/mono-dark/edwards-mono-dark.svg,high,public_reference_confirmed,"SOUHLAS: užití loga jako reference smluvně ošetřeno (rámcová smlouva SINTERA – „Zákazník souhlasí s umístěním svého loga jako referenčního zákazníka pro účely webové a tištěné prezentace“). Edwards VACUUM (vacuum pumps / abatement, Atlas Copco group) — NOT Edwards Lifesciences (medical). Logo is an exact match to the internal Sintera reference: red bold-italic ""EDWARDS"" wordmark, black arrow/swoosh inside the ""E"", and a red curved arc above. S… | ZPRACOVÁNÍ: Z oficiálního webu edwardsvacuum.com; odstraněn bílý podkladový obdélník z SVG. Edwards VACUUM (Atlas Copco), NE Edwards Lifesciences",no,yes,yes
Aisan Industry,Aisan Industry Czech s.r.o.,aisan-ind.co.jp,https://www.aisan-ind.co.jp/en/assets/images/logo.svg,official_website,raw/aisan.svg,web/aisan.svg,web/aisan.png,web/aisan.webp,processed/mono-light/aisan-mono-light.svg,processed/mono-dark/aisan-mono-dark.svg,high,public_reference_confirmed,"SOUHLAS: užití loga jako reference smluvně ošetřeno (rámcová smlouva SINTERA – „Zákazník souhlasí s umístěním svého loga jako referenčního zákazníka pro účely webové a tištěné prezentace“). Official Aisan corporate logo: red italic ""Aisan"" script, single path with fill=""#e60012"" (brand red), viewBox 0 0 200 37. Sourced directly from the parent company's official English site (aisan-ind.co.jp/en/, referenced in both header and footer as /en/ass… | ZPRACOVÁNÍ: Z oficiálního webu aisan-ind.co.jp; čistý wordmark „Aisan"". Entita Aisan Industry Czech s.r.o",no,yes,yes
LINET,LINET spol. s r.o.,linet.com,https://worldvectorlogo.com/logo/linet,other_public_source,raw/linet.jpg,web/linet.svg,web/linet.png,web/linet.webp,processed/mono-light/linet-mono-light.png,processed/mono-dark/linet-mono-dark.png,medium,public_reference_confirmed,"SOUHLAS: užití loga jako reference smluvně ošetřeno (rámcová smlouva SINTERA – „Zákazník souhlasí s umístěním svého loga jako referenčního zákazníka pro účely webové a tištěné prezentace“). UPGRADE web: LINET (CZ hospital beds, linet.com). SVG from worldvectorlogo: red #cc1d50 + grey #929496 - matches the internal ground-truth red/grey diamond mark + red LINET wordmark exactly. Official linet.com logos page exposed no public SVG/transparent download. Valid XML (192x192 viewBox, scales…",yes,yes,yes
Sécheron Hasler,Sécheron Hasler CZ s.r.o.,secheron.com,https://commons.wikimedia.org/wiki/File:S%C3%A9cheron_logo_h.png,wikimedia,raw/secheron-hasler.png,,web/secheron-hasler.png,web/secheron-hasler.webp,processed/mono-light/secheron-hasler-mono-light.png,processed/mono-dark/secheron-hasler-mono-dark.png,medium,public_reference_confirmed,"SOUHLAS: užití loga jako reference smluvně ošetřeno (rámcová smlouva SINTERA – „Zákazník souhlasí s umístěním svého loga jako referenčního zákazníka pro účely webové a tištěné prezentace“). Swiss railway electrical-equipment brand. Logo is the green/black overlapping-ellipse ""S"" mark + black ""Sécheron"" wordmark — matches the internal Sintera reference (ground truth) exactly in mark, color (green ~#1E7B3E + black) and wordmark. The corporate gr… | ZPRACOVÁNÍ: Zdroj = transparentní PNG (Wikimedia). Ověřit, zda se dnes nepoužívá novější značka „Sécheron Hasler Group"". | Jméno + reference už zveřejněny na sintera.cz/reference",yes,yes,yes
Winning Group,Winning Group a.s.,winninggroup.cz,https://www.winninggroup.cz/wp-content/themes/winning-group/assets/images/winning-logo.svg,official_website,raw/winning-group.svg,web/winning-group.svg,web/winning-group.png,web/winning-group.webp,processed/mono-light/winning-group-mono-light.svg,processed/mono-dark/winning-group-mono-dark.svg,high,public_reference_confirmed,"SOUHLAS: užití loga jako reference smluvně ošetřeno (rámcová smlouva SINTERA – „Zákazník souhlasí s umístěním svého loga jako referenčního zákazníka pro účely webové a tištěné prezentace“). Correct entity confirmed: Winning Group a.s., Brno-based Czech industrial investment holding (founded 2016 by Sebastian P. Wagner; areas: Construction/Development/Industrial-Automotive/Specialty). The lowercase ""winninggroup"" wordmark in the internal Sinter… | ZPRACOVÁNÍ: Ověřit přesnou entitu (Winning Group a.s.) a oprávnění; logo z winninggroup.cz. „group"" má světlejší odstín (dvoubarevný wordmark)",yes,yes,yes
SITEL,"SITEL, spol. s r.o.",sitel.cz,https://www.sitel.cz/wp-content/uploads/2022/06/logo_Sitel_1.png,official_website,raw/sitel.png,,web/sitel.png,web/sitel.webp,processed/mono-light/sitel-mono-light.png,processed/mono-dark/sitel-mono-dark.png,high,public_reference_confirmed,"SOUHLAS: užití loga jako reference smluvně ošetřeno (rámcová smlouva SINTERA – „Zákazník souhlasí s umístěním svého loga jako referenčního zákazníka pro účely webové a tištěné prezentace“). Correct entity confirmed: this is the CZECH telecom / data-center cabling & infrastructure company SITEL, spol. s r.o. (sitel.cz), a systems integrator and operator of communication networks founded 1991, HQ Praha, ~500 employees, regional offices across CZ… | ZPRACOVÁNÍ: Barevný odznak (bílý text na modrém poli) — mono silueta by zničila detail; ponechána originální barva (mono = originál). Spíše na stránku Reference. SITEL spol. s r.o. (kabeláž/datová centra), NE call-centrum Sitel/Foundever. | Jméno + reference už zveřejněny na sintera.cz/reference",no,no,yes
Výzkumný ústav železniční,"Výzkumný Ústav Železniční, a.s. (VUZ)",cdvuz.cz,https://ys-common.s3.amazonaws.com/vuz-web/media/1/2024/07/vuz-logo-footer.png,official_website,raw/vuz.png,,web/vuz.png,web/vuz.webp,processed/mono-light/vuz-mono-light.png,processed/mono-dark/vuz-mono-dark.png,medium,public_reference_confirmed,"SOUHLAS: užití loga jako reference smluvně ošetřeno (rámcová smlouva SINTERA – „Zákazník souhlasí s umístěním svého loga jako referenčního zákazníka pro účely webové a tištěné prezentace“). Official VUZ logo: white italic ""VUZ"" wordmark inside a double-stroke rounded-rectangle (pill) border. Sourced from the official website footer asset (transparent PNG, 500x298, RGBA). IMPORTANT: this is the WHITE/reversed variant (pure white on transparent)… | ZPRACOVÁNÍ: Zdroj = bílé logo z patičky vuz.cz — barva funguje jen na tmavém pozadí; na světlé použij mono-dark. Ideálně získat plnobarevný vektor",yes,no,yes
Adp,,,https://commons.wikimedia.org/wiki/File:Automatic_Data_Processing_(logo).svg,wikimedia,raw/adp.jpg,,web/adp.png,web/adp.webp,processed/mono-light/adp-mono-light.png,processed/mono-dark/adp-mono-dark.png,high,public_reference_confirmed,"SOUHLAS: užití loga jako reference smluvně ošetřeno (rámcová smlouva SINTERA – „Zákazník souhlasí s umístěním svého loga jako referenčního zákazníka pro účely webové a tištěné prezentace“). Web zdroj (found_png, shoda se vzorem: yes). Internal ground-truth is the red merged 'ADP' emblem with a registered mark - this is the unmistakable Automatic Data Processing (ADP) corporate trademark (ADP Red #D0271D, unchanged since 1975). Rendered the official W…",no,no,yes
Aero,,,https://en.wikipedia.org/wiki/File:AERO_Vodochody_logo.svg,wikimedia,raw/aero.jpg,,web/aero.png,web/aero.webp,processed/mono-light/aero-mono-light.png,processed/mono-dark/aero-mono-dark.png,high,public_reference_confirmed,"SOUHLAS: užití loga jako reference smluvně ošetřeno (rámcová smlouva SINTERA – „Zákazník souhlasí s umístěním svého loga jako referenčního zákazníka pro účely webové a tištěné prezentace“). Web zdroj (found_png, shoda se vzorem: yes). 'aero' and 'aero-vodochody' are the SAME company: Aero Vodochody (blue cursive 'Aero | VODOCHODY'). Matches internal ground-truth exactly. Rendered the official Wikimedia SVG (commons 5/57/AERO_Vodochody_logo.svg) to a …",yes,no,yes
Aero Vodochody,,,https://en.wikipedia.org/wiki/File:AERO_Vodochody_logo.svg,wikimedia,raw/aero-vodochody.png,,web/aero-vodochody.png,web/aero-vodochody.webp,processed/mono-light/aero-vodochody-mono-light.png,processed/mono-dark/aero-vodochody-mono-dark.png,high,public_reference_confirmed,"SOUHLAS: užití loga jako reference smluvně ošetřeno (rámcová smlouva SINTERA – „Zákazník souhlasí s umístěním svého loga jako referenčního zákazníka pro účely webové a tištěné prezentace“). Web zdroj (found_png, shoda se vzorem: yes). Same company/asset as 'aero' (Aero Vodochody). 1200x286 transparent PNG rendered from the official Wikimedia SVG via proxy (Wikimedia direct was 429 rate-limited). Visually confirmed to match internal ground-truth (blue…",no,no,yes
Akt,,,(interní) PR SINTERA/Loga klientů/akt.png,other_public_source,raw/akt.png,,web/akt.png,web/akt.webp,processed/mono-light/akt-mono-light.png,processed/mono-dark/akt-mono-dark.png,medium,public_reference_confirmed,SOUHLAS: užití loga jako reference smluvně ošetřeno (rámcová smlouva SINTERA – „Zákazník souhlasí s umístěním svého loga jako referenčního zákazníka pro účely webové a tištěné prezentace“). Čistý veřejný zdroj nenalezen — použit interní rastr Sintery (doporučeno vyžádat vektor/transparentní PNG od klienta). Interní logo Sintery (rastr); název odvozen z názvu souboru — ověřit. | mono ponecháno v barvě (plné/odznakové logo),yes,no,yes
Alldest,,,https://alldest.cz/wp-content/uploads/2019/09/Alldest-logo_gray-1.svg,official_website,raw/alldest.jpg,web/alldest.svg,web/alldest.png,web/alldest.webp,processed/mono-light/alldest-mono-light.png,processed/mono-dark/alldest-mono-dark.png,high,public_reference_confirmed,"SOUHLAS: užití loga jako reference smluvně ošetřeno (rámcová smlouva SINTERA – „Zákazník souhlasí s umístěním svého loga jako referenčního zákazníka pro účely webové a tištěné prezentace“). Web zdroj (found_svg, shoda se vzorem: yes). ALL DEST CZ - International Express Transport (alldest.cz), automotive express logistics - correct entity. Official-site vector SVG (8.7KB, valid <svg>/</svg>, viewBox 192x58). Rendered and visually confirmed: 'ALL DEST…",yes,no,yes
Amtek,,,(interní) PR SINTERA/Loga klientů/amtek-logo.png,other_public_source,raw/amtek.png,,web/amtek.png,web/amtek.webp,processed/mono-light/amtek-mono-light.png,processed/mono-dark/amtek-mono-dark.png,low,public_reference_confirmed,SOUHLAS: užití loga jako reference smluvně ošetřeno (rámcová smlouva SINTERA – „Zákazník souhlasí s umístěním svého loga jako referenčního zákazníka pro účely webové a tištěné prezentace“). Čistý veřejný zdroj nenalezen — použit interní rastr Sintery (doporučeno vyžádat vektor/transparentní PNG od klienta). Interní logo Sintery (rastr); název odvozen z názvu souboru — ověřit,yes,no,yes
Apag,,,(interní) PR SINTERA/Loga klientů/apag.jpg,other_public_source,raw/apag.jpg,,web/apag.png,web/apag.webp,processed/mono-light/apag-mono-light.png,processed/mono-dark/apag-mono-dark.png,low,public_reference_confirmed,SOUHLAS: užití loga jako reference smluvně ošetřeno (rámcová smlouva SINTERA – „Zákazník souhlasí s umístěním svého loga jako referenčního zákazníka pro účely webové a tištěné prezentace“). Čistý veřejný zdroj nenalezen — použit interní rastr Sintery (doporučeno vyžádat vektor/transparentní PNG od klienta). Interní logo Sintery (rastr); název odvozen z názvu souboru — ověřit,yes,no,yes
Araymond,,,https://www.araymond.com/themes/custom/araymond3_theme/logo.svg,official_website,raw/araymond.png,web/araymond.svg,web/araymond.png,web/araymond.webp,processed/mono-light/araymond-mono-light.png,processed/mono-dark/araymond-mono-dark.png,high,public_reference_confirmed,"SOUHLAS: užití loga jako reference smluvně ošetřeno (rámcová smlouva SINTERA – „Zákazník souhlasí s umístěním svého loga jako referenčního zákazníka pro účely webové a tištěné prezentace“). Web zdroj (found_svg, shoda se vzorem: yes). ARaymond (araymond.com), French industrial fastening group - correct entity. Official-site header vector SVG (12KB, valid <svg>/</svg>, 274x43 viewBox). Rendered and visually confirmed: 'ARaymond' wordmark + blue 'RG' c…",yes,no,yes
Astos Machinery,,,(interní) PR SINTERA/Loga klientů/astos machinery.JPG,other_public_source,raw/astos-machinery.jpg,,web/astos-machinery.png,web/astos-machinery.webp,processed/mono-light/astos-machinery-mono-light.png,processed/mono-dark/astos-machinery-mono-dark.png,medium,public_reference_confirmed,SOUHLAS: užití loga jako reference smluvně ošetřeno (rámcová smlouva SINTERA – „Zákazník souhlasí s umístěním svého loga jako referenčního zákazníka pro účely webové a tištěné prezentace“). Čistý veřejný zdroj nenalezen — použit interní rastr Sintery (doporučeno vyžádat vektor/transparentní PNG od klienta). Interní logo Sintery (rastr); název odvozen z názvu souboru — ověřit,yes,no,yes
Aufeerdesign,,,(interní) PR SINTERA/Loga klientů/Aufeerdesign.jpg,other_public_source,raw/aufeerdesign.jpg,,web/aufeerdesign.png,web/aufeerdesign.webp,processed/mono-light/aufeerdesign-mono-light.png,processed/mono-dark/aufeerdesign-mono-dark.png,low,public_reference_confirmed,SOUHLAS: užití loga jako reference smluvně ošetřeno (rámcová smlouva SINTERA – „Zákazník souhlasí s umístěním svého loga jako referenčního zákazníka pro účely webové a tištěné prezentace“). Čistý veřejný zdroj nenalezen — použit interní rastr Sintery (doporučeno vyžádat vektor/transparentní PNG od klienta). Interní logo Sintery (rastr); název odvozen z názvu souboru — ověřit,yes,no,yes
Autometal,,,(interní) PR SINTERA/Loga klientů/Autometal.jpg,other_public_source,raw/autometal.jpg,,web/autometal.png,web/autometal.webp,processed/mono-light/autometal-mono-light.png,processed/mono-dark/autometal-mono-dark.png,low,public_reference_confirmed,SOUHLAS: užití loga jako reference smluvně ošetřeno (rámcová smlouva SINTERA – „Zákazník souhlasí s umístěním svého loga jako referenčního zákazníka pro účely webové a tištěné prezentace“). Čistý veřejný zdroj nenalezen — použit interní rastr Sintery (doporučeno vyžádat vektor/transparentní PNG od klienta). Interní logo Sintery (rastr); název odvozen z názvu souboru — ověřit. | nízké rozlišení (551x101),yes,no,yes
Automotive Lighting,,,https://commons.wikimedia.org/wiki/File:Automotive_lighting_logo.svg,wikimedia,raw/automotive-lighting.jpg,web/automotive-lighting.svg,web/automotive-lighting.png,web/automotive-lighting.webp,processed/mono-light/automotive-lighting-mono-light.png,processed/mono-dark/automotive-lighting-mono-dark.png,high,public_reference_confirmed,"SOUHLAS: užití loga jako reference smluvně ošetřeno (rámcová smlouva SINTERA – „Zákazník souhlasí s umístěním svého loga jako referenčního zákazníka pro účely webové a tištěné prezentace“). Web zdroj (found_svg, shoda se vzorem: yes). Automotive Lighting (Reutlingen; now Marelli Automotive Lighting). Wikimedia Commons SVG (900x300), validated well-formed. Renders to the exact ground-truth mark: gray 'A' + yellow 'L' (#fab70a) triangular monogram + AU…",no,no,yes
Benteler,,,https://commons.wikimedia.org/wiki/File:Benteler_logo.svg,wikimedia,raw/benteler.jpg,web/benteler.svg,web/benteler.png,web/benteler.webp,processed/mono-light/benteler-mono-light.png,processed/mono-dark/benteler-mono-dark.png,high,public_reference_confirmed,"SOUHLAS: užití loga jako reference smluvně ošetřeno (rámcová smlouva SINTERA – „Zákazník souhlasí s umístěním svého loga jako referenčního zákazníka pro účely webové a tištěné prezentace“). Web zdroj (found_svg, shoda se vzorem: yes). BENTELER International AG. Wikimedia Commons SVG, validated. Renders to blue BENTELER wordmark + the inverted three-triangle mark, matching ground truth exactly (current official version also carries a 'makes it happen'…",yes,no,yes
Best,,,https://www.csad-brno.cz/wp-content/themes/wp/static/images/best-logo.svg,official_website,raw/best.jpg,web/best.svg,web/best.png,web/best.webp,processed/mono-light/best-mono-light.png,processed/mono-dark/best-mono-dark.png,high,public_reference_confirmed,"SOUHLAS: užití loga jako reference smluvně ošetřeno (rámcová smlouva SINTERA – „Zákazník souhlasí s umístěním svého loga jako referenčního zákazníka pro účely webové a tištěné prezentace“). Web zdroj (found_svg, shoda se vzorem: yes). Ambiguous name 'Best' resolved via ground truth to BEST TRANSPORT a.s. (best-transport.cz, operated by CSAD Brno-Cernovice). Official site serves a dedicated Adobe-Illustrator SVG (alt='BEST Transport'), validated and r…",no,no,yes
Bombardier,,,https://commons.wikimedia.org/wiki/File:Bombardier_Logo.svg,wikimedia,raw/bombardier.jpg,web/bombardier.svg,web/bombardier.png,web/bombardier.webp,processed/mono-light/bombardier-mono-light.png,processed/mono-dark/bombardier-mono-dark.png,high,public_reference_confirmed,"SOUHLAS: užití loga jako reference smluvně ošetřeno (rámcová smlouva SINTERA – „Zákazník souhlasí s umístěním svého loga jako referenčního zákazníka pro účely webové a tištěné prezentace“). Web zdroj (found_svg, shoda se vzorem: yes). Bombardier. Wikimedia Commons SVG, validated well-formed; contains the full black BOMBARDIER wordmark (qlmanage preview crops width but file is complete). Matches the internal Bombardier wordmark logo",yes,no,yes
Bosch,,,https://commons.wikimedia.org/wiki/File:Bosch-logo.svg,wikimedia,raw/bosch.jpg,web/bosch.svg,web/bosch.png,web/bosch.webp,processed/mono-light/bosch-mono-light.png,processed/mono-dark/bosch-mono-dark.png,high,public_reference_confirmed,"SOUHLAS: užití loga jako reference smluvně ošetřeno (rámcová smlouva SINTERA – „Zákazník souhlasí s umístěním svého loga jako referenčního zákazníka pro účely webové a tištěné prezentace“). Web zdroj (found_svg, shoda se vzorem: yes). Robert Bosch GmbH. Wikimedia Commons SVG, validated. Renders to the iconic round armature mark + red BOSCH wordmark, matching ground truth exactly",no,no,yes
Bronswerk,,,https://www.bronswerk.com/hubfs/website_assets/logo_tagline.svg,official_website,raw/bronswerk.png,web/bronswerk.svg,web/bronswerk.png,web/bronswerk.webp,processed/mono-light/bronswerk-mono-light.png,processed/mono-dark/bronswerk-mono-dark.png,high,public_reference_confirmed,"SOUHLAS: užití loga jako reference smluvně ošetřeno (rámcová smlouva SINTERA – „Zákazník souhlasí s umístěním svého loga jako referenčního zákazníka pro účely webové a tištěné prezentace“). Web zdroj (found_svg, shoda se vzorem: yes). Official Bronswerk Heat Transfer footer logo (vector SVG) from bronswerk.com. Renders as the blue 'BRONSWERK / HEAT TRANSFER' wordmark — exact match to the internal ground-truth mark (same wordmark and blue color; inter…",no,no,yes
Bull,,,https://www.bull.com/hubfs/bull-logo-colour.svg,official_website,raw/bull.jpg,web/bull.svg,web/bull.png,web/bull.webp,processed/mono-light/bull-mono-light.png,processed/mono-dark/bull-mono-dark.png,high,public_reference_confirmed,"SOUHLAS: užití loga jako reference smluvně ošetřeno (rámcová smlouva SINTERA – „Zákazník souhlasí s umístěním svého loga jako referenčního zákazníka pro účely webové a tištěné prezentace“). Web zdroj (found_svg, shoda se vzorem: yes). Official Bull logo (vector SVG) from bull.com header. CORRECT company (Bull, the French HPC/IT firm, now part of Atos/Eviden) but this is the CURRENT post-Atos rebrand: navy 'Bull' wordmark with an orange square-tree ic…",yes,no,yes
Busch Výroba,,,https://aiche-philadelphia.org/wp-content/uploads/2022/11/busch_vacuum_solutions_logo.png,other_public_source,raw/busch-vyroba.jpg,,web/busch-vyroba.png,web/busch-vyroba.webp,processed/mono-light/busch-vyroba-mono-light.png,processed/mono-dark/busch-vyroba-mono-dark.png,high,public_reference_confirmed,"SOUHLAS: užití loga jako reference smluvně ošetřeno (rámcová smlouva SINTERA – „Zákazník souhlasí s umístěním svého loga jako referenčního zákazníka pro účely webové a tištěné prezentace“). Web zdroj (found_png, shoda se vzorem: yes). Busch Vacuum Solutions logo, 1205x369 transparent PNG (alpha min 0). Official Wikimedia/official SVG was unreachable (Wikimedia 429 IP throttle on all paths; buschvacuum.com bot-blocked 406; seeklogo gave a white-bg thu…",yes,no,yes
Certicon,,,(interní) PR SINTERA/Loga klientů/certicon.jpg,other_public_source,raw/certicon.jpg,,web/certicon.png,web/certicon.webp,processed/mono-light/certicon-mono-light.png,processed/mono-dark/certicon-mono-dark.png,low,public_reference_confirmed,SOUHLAS: užití loga jako reference smluvně ošetřeno (rámcová smlouva SINTERA – „Zákazník souhlasí s umístěním svého loga jako referenčního zákazníka pro účely webové a tištěné prezentace“). Čistý veřejný zdroj nenalezen — použit interní rastr Sintery (doporučeno vyžádat vektor/transparentní PNG od klienta). Interní logo Sintery (rastr); název odvozen z názvu souboru — ověřit,yes,no,yes
Cikautxo,,,(interní) PR SINTERA/Loga klientů/cikautxo.jpg,other_public_source,raw/cikautxo.jpg,,web/cikautxo.png,web/cikautxo.webp,processed/mono-light/cikautxo-mono-light.png,processed/mono-dark/cikautxo-mono-dark.png,low,public_reference_confirmed,SOUHLAS: užití loga jako reference smluvně ošetřeno (rámcová smlouva SINTERA – „Zákazník souhlasí s umístěním svého loga jako referenčního zákazníka pro účely webové a tištěné prezentace“). Čistý veřejný zdroj nenalezen — použit interní rastr Sintery (doporučeno vyžádat vektor/transparentní PNG od klienta). Interní logo Sintery (rastr); název odvozen z názvu souboru — ověřit. | nízké rozlišení (180x90),yes,no,yes
Comap,,,https://www.comap-control.com/,official_website,raw/comap.jpg,web/comap.svg,web/comap.png,web/comap.webp,processed/mono-light/comap-mono-light.png,processed/mono-dark/comap-mono-dark.png,high,public_reference_confirmed,"SOUHLAS: užití loga jako reference smluvně ošetřeno (rámcová smlouva SINTERA – „Zákazník souhlasí s umístěním svého loga jako referenčního zákazníka pro účely webové a tištěné prezentace“). Web zdroj (found_svg, shoda se vzorem: yes). Official ComAp logo extracted as inline header SVG from comap-control.com (Czech control-systems maker; viewBox 0 0 351 80, red accent #E20714). Renders as black 'ComAp' wordmark with the red play-triangle — exact match…",no,no,yes
Continental,,,https://cdn.worldvectorlogo.com/logos/continental-5.svg,other_public_source,raw/continental.jpg,web/continental.svg,web/continental.png,web/continental.webp,processed/mono-light/continental-mono-light.png,processed/mono-dark/continental-mono-dark.png,high,public_reference_confirmed,"SOUHLAS: užití loga jako reference smluvně ošetřeno (rámcová smlouva SINTERA – „Zákazník souhlasí s umístěním svého loga jako referenčního zákazníka pro účely webové a tištěné prezentace“). Web zdroj (found_svg, shoda se vzorem: yes). Continental AG official wordmark (vector SVG, viewBox ~220x45). Renders as the classic 'Continental' wordmark with the distinctive 'C' enclosing the 'o' — unmistakably Continental, exact wordmark match to the internal g…",yes,no,yes
Coorstek,,,https://www.coorstek.com/images/coorstek-simple-logo.svg,official_website,raw/coorstek.jpg,web/coorstek.svg,web/coorstek.png,web/coorstek.webp,processed/mono-light/coorstek-mono-light.png,processed/mono-dark/coorstek-mono-dark.png,high,public_reference_confirmed,"SOUHLAS: užití loga jako reference smluvně ošetřeno (rámcová smlouva SINTERA – „Zákazník souhlasí s umístěním svého loga jako referenčního zákazníka pro účely webové a tištěné prezentace“). Web zdroj (found_svg, shoda se vzorem: yes). Official CoorsTek site header logo (Adobe Illustrator SVG). Rendered confirms the CoorsTek wordmark in white on the brand red square/rect, matching the internal ground truth. Valid vector (4989 bytes, <svg>...</svg>). B…",yes,no,yes
Crystalex,,,https://crystalexcz.com/wp-content/uploads/2025/04/Crystalex-logo.png,official_website,raw/crystalex.jpg,,web/crystalex.png,web/crystalex.webp,processed/mono-light/crystalex-mono-light.png,processed/mono-dark/crystalex-mono-dark.png,high,public_reference_confirmed,"SOUHLAS: užití loga jako reference smluvně ošetřeno (rámcová smlouva SINTERA – „Zákazník souhlasí s umístěním svého loga jako referenčního zákazníka pro účely webové a tištěné prezentace“). Web zdroj (found_png, shoda se vzorem: yes). Official Crystalex site logo (www.crystalex.cz redirects to crystalexcz.com). Transparent PNG 757x215, alpha 0-255. Blue script 'Crystalex' wordmark, exact match to internal. No SVG available on site; transparent PNG is…",no,no,yes
CSAD,,,https://www.csad-brno.cz/wp-content/themes/wp/static/images/logo.svg,official_website,raw/csad.jpg,web/csad.svg,web/csad.png,web/csad.webp,processed/mono-light/csad-mono-light.png,processed/mono-dark/csad-mono-dark.png,high,public_reference_confirmed,"SOUHLAS: užití loga jako reference smluvně ošetřeno (rámcová smlouva SINTERA – „Zákazník souhlasí s umístěním svého loga jako referenčního zákazníka pro účely webové a tištěné prezentace“). Web zdroj (found_svg, shoda se vzorem: yes). Official csad-brno.cz header SVG. Rendered confirms the exact internal mark: blue intertwined-tube 'CSAD' letters with 'BRNO-CERNOVICE, A.S.' underneath. This is the correct Brno-Cernovice variant, distinct from (and be…",yes,no,yes
Daiho,,,https://www.daiho-gr.co.jp/img/common/logo-02.svg,official_website,raw/daiho.jpg,web/daiho.svg,web/daiho.png,web/daiho.webp,processed/mono-light/daiho-mono-light.png,processed/mono-dark/daiho-mono-dark.png,high,public_reference_confirmed,"SOUHLAS: užití loga jako reference smluvně ošetřeno (rámcová smlouva SINTERA – „Zákazník souhlasí s umístěním svého loga jako referenčního zákazníka pro účely webové a tištěné prezentace“). Web zdroj (found_svg, shoda se vzorem: yes). Official DAIHO INDUSTRIAL site (daiho-gr.co.jp) header SVG. Rendered confirms the round red/navy infinity 'D' emblem + navy 'DAIHO' wordmark, exact match to internal. Verified this is Daiho Industrial (plastics/automoti…",yes,no,yes
Daikin,,,https://commons.wikimedia.org/wiki/File:DAIKIN_logo.svg,wikimedia,raw/daikin.jpg,web/daikin.svg,web/daikin.png,web/daikin.webp,processed/mono-light/daikin-mono-light.png,processed/mono-dark/daikin-mono-dark.png,high,public_reference_confirmed,"SOUHLAS: užití loga jako reference smluvně ošetřeno (rámcová smlouva SINTERA – „Zákazník souhlasí s umístěním svého loga jako referenčního zákazníka pro účely webové a tištěné prezentace“). Web zdroj (found_svg, shoda se vzorem: yes). Wikimedia Commons 'DAIKIN logo.svg'. Rendered confirms the blue 'DAIKIN' wordmark with the cyan/black corner triangle, exact match to internal horizontal logo. Valid vector (3447 bytes)",yes,no,yes
Danzer,,,https://www.danzer.com/en/,official_website,raw/danzer.png,web/danzer.svg,web/danzer.png,web/danzer.webp,processed/mono-light/danzer-mono-light.png,processed/mono-dark/danzer-mono-dark.png,high,public_reference_confirmed,"SOUHLAS: užití loga jako reference smluvně ošetřeno (rámcová smlouva SINTERA – „Zákazník souhlasí s umístěním svého loga jako referenčního zákazníka pro účely webové a tištěné prezentace“). Web zdroj (found_svg, shoda se vzorem: yes). Extracted the current header logo, an inline SVG (aria-label='Logo', 236x64) from danzer.com. Brand colors #F28E04 (orange) + #58585A (gray); rendered confirms the orange disc with vertical bars + gray 'DANZER' wordmark…",no,no,yes
Draka,,,(interní) PR SINTERA/Loga klientů/draka.jpg,other_public_source,raw/draka.jpg,,web/draka.png,web/draka.webp,processed/mono-light/draka-mono-light.png,processed/mono-dark/draka-mono-dark.png,low,public_reference_confirmed,SOUHLAS: užití loga jako reference smluvně ošetřeno (rámcová smlouva SINTERA – „Zákazník souhlasí s umístěním svého loga jako referenčního zákazníka pro účely webové a tištěné prezentace“). Čistý veřejný zdroj nenalezen — použit interní rastr Sintery (doporučeno vyžádat vektor/transparentní PNG od klienta). Interní logo Sintery (rastr); název odvozen z názvu souboru — ověřit. | nízké rozlišení (240x100),yes,no,yes
Draka - Prismian,,,(interní) PR SINTERA/Loga klientů/draka - prismian.jpg,other_public_source,raw/draka-prismian.jpg,,web/draka-prismian.png,web/draka-prismian.webp,processed/mono-light/draka-prismian-mono-light.png,processed/mono-dark/draka-prismian-mono-dark.png,low,public_reference_confirmed,SOUHLAS: užití loga jako reference smluvně ošetřeno (rámcová smlouva SINTERA – „Zákazník souhlasí s umístěním svého loga jako referenčního zákazníka pro účely webové a tištěné prezentace“). Čistý veřejný zdroj nenalezen — použit interní rastr Sintery (doporučeno vyžádat vektor/transparentní PNG od klienta). Interní logo Sintery (rastr); název odvozen z názvu souboru — ověřit,yes,no,yes
Dtz,,,(interní) PR SINTERA/Loga klientů/dtz.JPG,other_public_source,raw/dtz.jpg,,web/dtz.png,web/dtz.webp,processed/mono-light/dtz-mono-light.png,processed/mono-dark/dtz-mono-dark.png,low,public_reference_confirmed,SOUHLAS: užití loga jako reference smluvně ošetřeno (rámcová smlouva SINTERA – „Zákazník souhlasí s umístěním svého loga jako referenčního zákazníka pro účely webové a tištěné prezentace“). Čistý veřejný zdroj nenalezen — použit interní rastr Sintery (doporučeno vyžádat vektor/transparentní PNG od klienta). Interní logo Sintery (rastr); název odvozen z názvu souboru — ověřit. | nízké rozlišení (250x119),yes,no,yes
Durr,,,https://commons.wikimedia.org/wiki/File:D%C3%BCrr_AG_logo.svg,wikimedia,raw/durr.png,web/durr.svg,web/durr.png,web/durr.webp,processed/mono-light/durr-mono-light.png,processed/mono-dark/durr-mono-dark.png,high,public_reference_confirmed,"SOUHLAS: užití loga jako reference smluvně ošetřeno (rámcová smlouva SINTERA – „Zákazník souhlasí s umístěním svého loga jako referenčního zákazníka pro účely webové a tištěné prezentace“). Web zdroj (found_svg, shoda se vzorem: yes). Dürr AG (German mechanical/plant engineering). Wikimedia 'Dürr AG logo.svg' — single-color blue (#00488e) boxed 'DÜRR' wordmark, exact match to internal ground truth. Chose this cleaner AG version over the multi-color '…",yes,no,yes
Egston,,,https://commons.wikimedia.org/wiki/File:Logo_Egston.svg,wikimedia,raw/egston.png,web/egston.svg,web/egston.png,web/egston.webp,processed/mono-light/egston-mono-light.png,processed/mono-dark/egston-mono-dark.png,high,public_reference_confirmed,"SOUHLAS: užití loga jako reference smluvně ošetřeno (rámcová smlouva SINTERA – „Zákazník souhlasí s umístěním svého loga jako referenčního zákazníka pro účely webové a tištěné prezentace“). Web zdroj (found_svg, shoda se vzorem: yes). EGSTON (Austrian electronics / power systems, Eggenburg). Wikimedia 'Logo Egston.svg' — lime-green (#bbd63f) building/bar pictogram + black 'EGSTON' wordmark on transparent. Matches internal mark (internal had the lime …",yes,no,yes
Era,,,https://www.era.aero/img/era-logo.svg,official_website,raw/era.jpg,web/era.svg,web/era.png,web/era.webp,processed/mono-light/era-mono-light.png,processed/mono-dark/era-mono-dark.png,high,public_reference_confirmed,"SOUHLAS: užití loga jako reference smluvně ošetřeno (rámcová smlouva SINTERA – „Zákazník souhlasí s umístěním svého loga jako referenčního zákazníka pro účely webové a tištěné prezentace“). Web zdroj (found_svg, shoda se vzorem: yes). ERA a.s., Pardubice (Czech air-traffic surveillance / avionics). Official site SVG — magenta/crimson (#B50938) lowercase 'era' wordmark with the small airplane symbol, exact match to internal ground truth. Disambiguated…",no,no,yes
Erwin Junker,,,https://worldvectorlogo.com/logo/junker,other_public_source,raw/erwin-junker.png,web/erwin-junker.svg,web/erwin-junker.png,web/erwin-junker.webp,processed/mono-light/erwin-junker-mono-light.png,processed/mono-dark/erwin-junker-mono-dark.png,medium,public_reference_confirmed,"SOUHLAS: užití loga jako reference smluvně ošetřeno (rámcová smlouva SINTERA – „Zákazník souhlasí s umístěním svého loga jako referenčního zákazníka pro účely webové a tištěné prezentace“). Web zdroj (found_svg, shoda se vzorem: yes). Erwin Junker Maschinenfabrik / JUNKER Group (German precision grinding machines). worldvectorlogo SVG of the blue (#08c) stylized 'EJ/J' symbol — exactly the mark inside the blue circle of the internal 'JUNKER partner f…",yes,no,yes
Eurosoftware,,,(interní) PR SINTERA/Loga klientů/Eurosoftware.JPG,other_public_source,raw/eurosoftware.jpg,,web/eurosoftware.png,web/eurosoftware.webp,processed/mono-light/eurosoftware-mono-light.png,processed/mono-dark/eurosoftware-mono-dark.png,medium,public_reference_confirmed,SOUHLAS: užití loga jako reference smluvně ošetřeno (rámcová smlouva SINTERA – „Zákazník souhlasí s umístěním svého loga jako referenčního zákazníka pro účely webové a tištěné prezentace“). Čistý veřejný zdroj nenalezen — použit interní rastr Sintery (doporučeno vyžádat vektor/transparentní PNG od klienta). Interní logo Sintery (rastr); název odvozen z názvu souboru — ověřit,yes,no,yes
Explosia,,,https://explosia.cz/wp-content/themes/main/img/logo.svg,official_website,raw/explosia.jpg,web/explosia.svg,web/explosia.png,web/explosia.webp,processed/mono-light/explosia-mono-light.png,processed/mono-dark/explosia-mono-dark.png,high,public_reference_confirmed,"SOUHLAS: užití loga jako reference smluvně ošetřeno (rámcová smlouva SINTERA – „Zákazník souhlasí s umístěním svého loga jako referenčního zákazníka pro účely webové a tištěné prezentace“). Web zdroj (found_svg, shoda se vzorem: yes). Explosia a.s., Semtín/Pardubice (Czech explosives manufacturer, maker of Semtex). Official site SVG (CorelDRAW export) — red (#E31E24) 'E' with star inside a circle + 'EXPLOSIA' wordmark, exact match to internal ground …",no,no,yes
Foxconn,,,https://commons.wikimedia.org/wiki/File:Foxconn_logo.svg,wikimedia,raw/foxconn.jpg,web/foxconn.svg,web/foxconn.png,web/foxconn.webp,processed/mono-light/foxconn-mono-light.png,processed/mono-dark/foxconn-mono-dark.png,high,public_reference_confirmed,"SOUHLAS: užití loga jako reference smluvně ošetřeno (rámcová smlouva SINTERA – „Zákazník souhlasí s umístěním svého loga jako referenčního zákazníka pro účely webové a tištěné prezentace“). Web zdroj (found_svg, shoda se vzorem: yes). Foxconn / Hon Hai. Wikimedia 'Foxconn logo.svg' — blue (#0165b0) 'FOXCONN' wordmark with registered-trademark mark, exact match to internal ground truth. Validated (<svg/</svg>) and rendered correctly",no,no,yes
Fresh Revolution,,,(interní) PR SINTERA/Loga klientů/fresh revolution.jpg,other_public_source,raw/fresh-revolution.jpg,,web/fresh-revolution.png,web/fresh-revolution.webp,processed/mono-light/fresh-revolution-mono-light.png,processed/mono-dark/fresh-revolution-mono-dark.png,low,public_reference_confirmed,SOUHLAS: užití loga jako reference smluvně ošetřeno (rámcová smlouva SINTERA – „Zákazník souhlasí s umístěním svého loga jako referenčního zákazníka pro účely webové a tištěné prezentace“). Čistý veřejný zdroj nenalezen — použit interní rastr Sintery (doporučeno vyžádat vektor/transparentní PNG od klienta). Interní logo Sintery (rastr); název odvozen z názvu souboru — ověřit. | nízké rozlišení (361x59),yes,no,yes
Fte,,,https://commons.wikimedia.org/wiki/File:Fte_logo.svg,wikimedia,raw/fte.jpg,web/fte.svg,web/fte.png,web/fte.webp,processed/mono-light/fte-mono-light.png,processed/mono-dark/fte-mono-dark.png,high,public_reference_confirmed,"SOUHLAS: užití loga jako reference smluvně ošetřeno (rámcová smlouva SINTERA – „Zákazník souhlasí s umístěním svého loga jako referenčního zákazníka pro účely webové a tištěné prezentace“). Web zdroj (found_svg, shoda se vzorem: yes). FTE automotive (German automotive supplier, clutch/brake actuation). Wikimedia Commons SVG rendered as exact match to internal: 'FTE' in dark warm-gray with red triangle wedge and lowercase 'automotive' below. Validated…",yes,no,yes
Fuji Koyo,,,(interní) PR SINTERA/Loga klientů/fuji koyo.png,other_public_source,raw/fuji-koyo.png,,web/fuji-koyo.png,web/fuji-koyo.webp,processed/mono-light/fuji-koyo-mono-light.png,processed/mono-dark/fuji-koyo-mono-dark.png,low,public_reference_confirmed,SOUHLAS: užití loga jako reference smluvně ošetřeno (rámcová smlouva SINTERA – „Zákazník souhlasí s umístěním svého loga jako referenčního zákazníka pro účely webové a tištěné prezentace“). Čistý veřejný zdroj nenalezen — použit interní rastr Sintery (doporučeno vyžádat vektor/transparentní PNG od klienta). Interní logo Sintery (rastr); název odvozen z názvu souboru — ověřit,yes,no,yes
Gce,,,(interní) PR SINTERA/Loga klientů/gce.jpg,other_public_source,raw/gce.jpg,,web/gce.png,web/gce.webp,processed/mono-light/gce-mono-light.png,processed/mono-dark/gce-mono-dark.png,medium,public_reference_confirmed,SOUHLAS: užití loga jako reference smluvně ošetřeno (rámcová smlouva SINTERA – „Zákazník souhlasí s umístěním svého loga jako referenčního zákazníka pro účely webové a tištěné prezentace“). Čistý veřejný zdroj nenalezen — použit interní rastr Sintery (doporučeno vyžádat vektor/transparentní PNG od klienta). Interní logo Sintery (rastr); název odvozen z názvu souboru — ověřit,yes,no,yes
Gebauer Griller,,,https://www.gg-group.com/fileadmin/gg/img/gg_logo_blue.svg,official_website,raw/gebauer-griller.png,web/gebauer-griller.svg,web/gebauer-griller.png,web/gebauer-griller.webp,processed/mono-light/gebauer-griller-mono-light.png,processed/mono-dark/gebauer-griller-mono-dark.png,high,public_reference_confirmed,"SOUHLAS: užití loga jako reference smluvně ošetřeno (rámcová smlouva SINTERA – „Zákazník souhlasí s umístěním svého loga jako referenčního zákazníka pro účely webové a tištěné prezentace“). Web zdroj (found_svg, shoda se vzorem: yes). Gebauer & Griller (now GG Group, automotive cables/wiring, Austria). Official site SVG of the modern interlocking double-G mark in cyan/blue - exact match to internal ground-truth cyan 'GG' symbol. Preferred over the ou…",no,no,yes
Gerresheimer,,,https://commons.wikimedia.org/wiki/File:Gerresheimer-logo.svg,wikimedia,raw/gerresheimer.png,web/gerresheimer.svg,web/gerresheimer.png,web/gerresheimer.webp,processed/mono-light/gerresheimer-mono-light.png,processed/mono-dark/gerresheimer-mono-dark.png,high,public_reference_confirmed,"SOUHLAS: užití loga jako reference smluvně ošetřeno (rámcová smlouva SINTERA – „Zákazník souhlasí s umístěním svého loga jako referenčního zákazníka pro účely webové a tištěné prezentace“). Web zdroj (found_svg, shoda se vzorem: yes). Gerresheimer AG (pharma glass/plastic packaging). Wikimedia Commons SVG is the current official 2021 logo: teal lowercase rounded 'gerresheimer' wordmark. Internal reference shows the older all-caps italic teal 'GERRESH…",no,no,yes
Glanztoff,,,(interní) PR SINTERA/Loga klientů/glanztoff.png,other_public_source,raw/glanztoff.png,,web/glanztoff.png,web/glanztoff.webp,processed/mono-light/glanztoff-mono-light.png,processed/mono-dark/glanztoff-mono-dark.png,medium,public_reference_confirmed,SOUHLAS: užití loga jako reference smluvně ošetřeno (rámcová smlouva SINTERA – „Zákazník souhlasí s umístěním svého loga jako referenčního zákazníka pro účely webové a tištěné prezentace“). Čistý veřejný zdroj nenalezen — použit interní rastr Sintery (doporučeno vyžádat vektor/transparentní PNG od klienta). Interní logo Sintery (rastr); název odvozen z názvu souboru — ověřit,yes,no,yes
Glenmark,,,https://companieslogo.com/glenmark/logo/,other_public_source,raw/glenmark.jpg,web/glenmark.svg,web/glenmark.png,web/glenmark.webp,processed/mono-light/glenmark-mono-light.png,processed/mono-dark/glenmark-mono-dark.png,high,public_reference_confirmed,"SOUHLAS: užití loga jako reference smluvně ošetřeno (rámcová smlouva SINTERA – „Zákazník souhlasí s umístěním svého loga jako referenčního zákazníka pro účely webové a tištěné prezentace“). Web zdroj (found_svg, shoda se vzorem: yes). Glenmark Pharmaceuticals (India). SVG from companieslogo.com: red capsule/pill formed in the negative space of a stylised 'G' plus red lowercase 'glenmark' wordmark and 'A new way for life' tagline - matches internal gr…",no,no,yes
Gmc,,,(interní) PR SINTERA/Loga klientů/Gmc.jpg,other_public_source,raw/gmc.jpg,,web/gmc.png,web/gmc.webp,processed/mono-light/gmc-mono-light.png,processed/mono-dark/gmc-mono-dark.png,medium,public_reference_confirmed,SOUHLAS: užití loga jako reference smluvně ošetřeno (rámcová smlouva SINTERA – „Zákazník souhlasí s umístěním svého loga jako referenčního zákazníka pro účely webové a tištěné prezentace“). Čistý veřejný zdroj nenalezen — použit interní rastr Sintery (doporučeno vyžádat vektor/transparentní PNG od klienta). Interní logo Sintery (rastr); název odvozen z názvu souboru — ověřit,yes,no,yes
Grammer,,,https://commons.wikimedia.org/wiki/File:Grammer_logo.svg,wikimedia,raw/grammer.jpg,web/grammer.svg,web/grammer.png,web/grammer.webp,processed/mono-light/grammer-mono-light.png,processed/mono-dark/grammer-mono-dark.png,high,public_reference_confirmed,"SOUHLAS: užití loga jako reference smluvně ošetřeno (rámcová smlouva SINTERA – „Zákazník souhlasí s umístěním svého loga jako referenčního zákazníka pro účely webové a tištěné prezentace“). Web zdroj (found_svg, shoda se vzorem: yes). Grammer AG (seating/interior automotive supplier). Wikimedia Commons SVG, valid (<svg>...</svg>, 5480 bytes, path-based vector). Fill #005195 blue + white matches the internal GRAMMER blue wordmark mark exactly. Clean t…",no,no,yes
Grupo Antolin,,,(interní) PR SINTERA/Loga klientů/grupo antolin.jpg,other_public_source,raw/grupo-antolin.jpg,,web/grupo-antolin.png,web/grupo-antolin.webp,processed/mono-light/grupo-antolin-mono-light.png,processed/mono-dark/grupo-antolin-mono-dark.png,medium,public_reference_confirmed,SOUHLAS: užití loga jako reference smluvně ošetřeno (rámcová smlouva SINTERA – „Zákazník souhlasí s umístěním svého loga jako referenčního zákazníka pro účely webové a tištěné prezentace“). Čistý veřejný zdroj nenalezen — použit interní rastr Sintery (doporučeno vyžádat vektor/transparentní PNG od klienta). Interní logo Sintery (rastr); název odvozen z názvu souboru — ověřit,yes,no,yes
Gtw,,,(interní) PR SINTERA/Loga klientů/gtw.png,other_public_source,raw/gtw.png,,web/gtw.png,web/gtw.webp,processed/mono-light/gtw-mono-light.png,processed/mono-dark/gtw-mono-dark.png,low,public_reference_confirmed,SOUHLAS: užití loga jako reference smluvně ošetřeno (rámcová smlouva SINTERA – „Zákazník souhlasí s umístěním svého loga jako referenčního zákazníka pro účely webové a tištěné prezentace“). Čistý veřejný zdroj nenalezen — použit interní rastr Sintery (doporučeno vyžádat vektor/transparentní PNG od klienta). Interní logo Sintery (rastr); název odvozen z názvu souboru — ověřit,yes,no,yes
Hls,,,(interní) PR SINTERA/Loga klientů/hls.jpg,other_public_source,raw/hls.jpg,,web/hls.png,web/hls.webp,processed/mono-light/hls-mono-light.png,processed/mono-dark/hls-mono-dark.png,low,public_reference_confirmed,SOUHLAS: užití loga jako reference smluvně ošetřeno (rámcová smlouva SINTERA – „Zákazník souhlasí s umístěním svého loga jako referenčního zákazníka pro účely webové a tištěné prezentace“). Čistý veřejný zdroj nenalezen — použit interní rastr Sintery (doporučeno vyžádat vektor/transparentní PNG od klienta). Interní logo Sintery (rastr); název odvozen z názvu souboru — ověřit. | nízké rozlišení (172x108),yes,no,yes
Hud,,,(interní) PR SINTERA/Loga klientů/hud.jpg,other_public_source,raw/hud.jpg,,web/hud.png,web/hud.webp,processed/mono-light/hud-mono-light.png,processed/mono-dark/hud-mono-dark.png,low,public_reference_confirmed,SOUHLAS: užití loga jako reference smluvně ošetřeno (rámcová smlouva SINTERA – „Zákazník souhlasí s umístěním svého loga jako referenčního zákazníka pro účely webové a tištěné prezentace“). Čistý veřejný zdroj nenalezen — použit interní rastr Sintery (doporučeno vyžádat vektor/transparentní PNG od klienta). Interní logo Sintery (rastr); název odvozen z názvu souboru — ověřit. | barevné/ne-bílé pozadí (nutný ruční ořez) | nízké rozlišení (100x100) | mono ponecháno v barvě (plné/odznako…,yes,no,yes
Hyundai Mobis,,,https://commons.wikimedia.org/wiki/File:Hyundai_Mobis_Logo.svg,wikimedia,raw/hyundai-mobis.png,web/hyundai-mobis.svg,web/hyundai-mobis.png,web/hyundai-mobis.webp,processed/mono-light/hyundai-mobis-mono-light.png,processed/mono-dark/hyundai-mobis-mono-dark.png,high,public_reference_confirmed,"SOUHLAS: užití loga jako reference smluvně ošetřeno (rámcová smlouva SINTERA – „Zákazník souhlasí s umístěním svého loga jako referenčního zákazníka pro účely webové a tištěné prezentace“). Web zdroj (found_svg, shoda se vzorem: yes). Hyundai Mobis (Hyundai auto-parts arm). Wikimedia Commons SVG, valid (<svg>...</svg>, 6050 bytes, vector paths). Fills #1C4381 (blue HYUNDAI wordmark) + #CC1424 (red ring in MOBIS) match the internal mark exactly - this…",no,no,yes
Ideal Automotive,,,https://www.ideal-automotive.com/wp-content/uploads/2014/11/IDEAL_logo.png,official_website,raw/ideal-automotive.jpg,,web/ideal-automotive.png,web/ideal-automotive.webp,processed/mono-light/ideal-automotive-mono-light.png,processed/mono-dark/ideal-automotive-mono-dark.png,high,public_reference_confirmed,"SOUHLAS: užití loga jako reference smluvně ošetřeno (rámcová smlouva SINTERA – „Zákazník souhlasí s umístěním svého loga jako referenčního zákazníka pro účely webové a tištěné prezentace“). Web zdroj (found_png, shoda se vzorem: yes). iDEAL Automotive (German automotive interior textiles/acoustics supplier, ideal-automotive.com). Official-site logo PNG, 600x243, RGBA with transparency (alpha 0-255). Matches internal mark (red lowercase 'i', red box, …",yes,no,yes
Impact Industry Brno,,,(interní) PR SINTERA/Loga klientů/Impact Industry Brno.jpg,other_public_source,raw/impact-industry-brno.jpg,,web/impact-industry-brno.png,web/impact-industry-brno.webp,processed/mono-light/impact-industry-brno-mono-light.png,processed/mono-dark/impact-industry-brno-mono-dark.png,low,public_reference_confirmed,SOUHLAS: užití loga jako reference smluvně ošetřeno (rámcová smlouva SINTERA – „Zákazník souhlasí s umístěním svého loga jako referenčního zákazníka pro účely webové a tištěné prezentace“). Čistý veřejný zdroj nenalezen — použit interní rastr Sintery (doporučeno vyžádat vektor/transparentní PNG od klienta). Interní logo Sintery (rastr); název odvozen z názvu souboru — ověřit. | nízké rozlišení (148x104),yes,no,yes
Interkov,,,https://www.interkov.cz/wp-content/uploads/2021/11/fgfdgfd-kopie.png,official_website,raw/interkov.jpg,,web/interkov.png,web/interkov.webp,processed/mono-light/interkov-mono-light.png,processed/mono-dark/interkov-mono-dark.png,high,public_reference_confirmed,"SOUHLAS: užití loga jako reference smluvně ošetřeno (rámcová smlouva SINTERA – „Zákazník souhlasí s umístěním svého loga jako referenčního zákazníka pro účely webové a tištěné prezentace“). Web zdroj (found_png, shoda se vzorem: yes). INTERKOV spol. s r.o. (Czech, Praha) — manufacturer of lever-arch binder mechanisms / volume metalwork. Logo pulled from official interkov.cz header. PNG 900x169, RGBA transparent (alpha 0-255). Matches internal ground-…",yes,no,yes
Inteva,,,https://www.intevaproducts.com/wp-content/uploads/2025/06/inteva-logo.png,official_website,raw/inteva.jpg,,web/inteva.png,web/inteva.webp,processed/mono-light/inteva-mono-light.png,processed/mono-dark/inteva-mono-dark.png,high,public_reference_confirmed,"SOUHLAS: užití loga jako reference smluvně ošetřeno (rámcová smlouva SINTERA – „Zákazník souhlasí s umístěním svého loga jako referenčního zákazníka pro účely webové a tištěné prezentace“). Web zdroj (found_png, shoda se vzorem: yes). Inteva Products LLC (automotive interiors/closures) — logo from official intevaproducts.com header. PNG 1200x247, RGBA transparent. Matches internal ground-truth: blue half-circle 'i' symbol + black 'INTEVA' italic + 'P…",no,no,yes
Itw,,,https://www.itw.com/images/ITW-logo---dk-gray.svg,official_website,raw/itw.png,web/itw.svg,web/itw.png,web/itw.webp,processed/mono-light/itw-mono-light.png,processed/mono-dark/itw-mono-dark.png,medium,public_reference_confirmed,"SOUHLAS: užití loga jako reference smluvně ošetřeno (rámcová smlouva SINTERA – „Zákazník souhlasí s umístěním svého loga jako referenčního zákazníka pro účely webové a tištěné prezentace“). Web zdroj (found_svg, shoda se vzorem: yes). Internal reference reads 'ITW PRONOVIA, s.r.o. - Global Automotive Components Group' with the red ITW mark; ITW Pronovia is the Czech subsidiary of Illinois Tool Works (ITW) — the parent group brand is correct. Took the…",yes,no,yes
Jablotron,,,https://upload.wikimedia.org/wikipedia/en/2/20/Jablotron_logo.svg,wikimedia,raw/jablotron.jpg,web/jablotron.svg,web/jablotron.png,web/jablotron.webp,processed/mono-light/jablotron-mono-light.png,processed/mono-dark/jablotron-mono-dark.png,high,public_reference_confirmed,"SOUHLAS: užití loga jako reference smluvně ošetřeno (rámcová smlouva SINTERA – „Zákazník souhlasí s umístěním svého loga jako referenčního zákazníka pro účely webové a tištěné prezentace“). Web zdroj (found_svg, shoda se vzorem: yes). JABLOTRON (Czech alarm/security manufacturer). Downloaded the official SVG from Wikimedia/Wikipedia (Inkscape-authored vector, valid </svg>). Matches internal ground-truth black 'JABLOTRON' wordmark with the yellow pie …",no,no,yes
Jansen Display,,,(interní) PR SINTERA/Loga klientů/jansen display.jpg,other_public_source,raw/jansen-display.jpg,,web/jansen-display.png,web/jansen-display.webp,processed/mono-light/jansen-display-mono-light.png,processed/mono-dark/jansen-display-mono-dark.png,low,public_reference_confirmed,SOUHLAS: užití loga jako reference smluvně ošetřeno (rámcová smlouva SINTERA – „Zákazník souhlasí s umístěním svého loga jako referenčního zákazníka pro účely webové a tištěné prezentace“). Čistý veřejný zdroj nenalezen — použit interní rastr Sintery (doporučeno vyžádat vektor/transparentní PNG od klienta). Interní logo Sintery (rastr); název odvozen z názvu souboru — ověřit,yes,no,yes
Jtekt,,,https://commons.wikimedia.org/wiki/File:JTEKT_Logo.svg,wikimedia,raw/jtekt.jpg,web/jtekt.svg,web/jtekt.png,web/jtekt.webp,processed/mono-light/jtekt-mono-light.png,processed/mono-dark/jtekt-mono-dark.png,high,public_reference_confirmed,"SOUHLAS: užití loga jako reference smluvně ošetřeno (rámcová smlouva SINTERA – „Zákazník souhlasí s umístěním svého loga jako referenčního zákazníka pro účely webové a tištěné prezentace“). Web zdroj (found_svg, shoda se vzorem: yes). JTEKT Corporation (Japanese bearings/steering automotive supplier, Koyo/Toyoda). Official SVG from Wikimedia Commons (551x266, valid </svg>). Matches internal ground-truth: black serif 'JTEKT' with the red lens/ellipse …",no,no,yes
KDK Automotive,,,(interní) PR SINTERA/Loga klientů/KDK automotive.jpg,other_public_source,raw/kdk-automotive.jpg,,web/kdk-automotive.png,web/kdk-automotive.webp,processed/mono-light/kdk-automotive-mono-light.png,processed/mono-dark/kdk-automotive-mono-dark.png,low,public_reference_confirmed,SOUHLAS: užití loga jako reference smluvně ošetřeno (rámcová smlouva SINTERA – „Zákazník souhlasí s umístěním svého loga jako referenčního zákazníka pro účely webové a tištěné prezentace“). Čistý veřejný zdroj nenalezen — použit interní rastr Sintery (doporučeno vyžádat vektor/transparentní PNG od klienta). Interní logo Sintery (rastr); název odvozen z názvu souboru — ověřit,yes,no,yes
Kermi,,,https://www.kermi.com/media/icons_logos/logo_kermi.svg,official_website,raw/kermi.jpg,web/kermi.svg,web/kermi.png,web/kermi.webp,processed/mono-light/kermi-mono-light.png,processed/mono-dark/kermi-mono-dark.png,high,public_reference_confirmed,"SOUHLAS: užití loga jako reference smluvně ošetřeno (rámcová smlouva SINTERA – „Zákazník souhlasí s umístěním svého loga jako referenčního zákazníka pro účely webové a tištěné prezentace“). Web zdroj (found_svg, shoda se vzorem: yes). Official kermi.com logo SVG (viewBox 0 0 92 34). Arc-over-'KERMI' wordmark matches the internal ground-truth mark exactly. Validated: contains <svg>/</svg>, 1216 bytes. Wikimedia Commons File:Logo_kermi.svg also exists …",yes,no,yes
Kiswire,,,(interní) PR SINTERA/Loga klientů/kiswire-new.png,other_public_source,raw/kiswire.png,,web/kiswire.png,web/kiswire.webp,processed/mono-light/kiswire-mono-light.png,processed/mono-dark/kiswire-mono-dark.png,low,public_reference_confirmed,SOUHLAS: užití loga jako reference smluvně ošetřeno (rámcová smlouva SINTERA – „Zákazník souhlasí s umístěním svého loga jako referenčního zákazníka pro účely webové a tištěné prezentace“). Čistý veřejný zdroj nenalezen — použit interní rastr Sintery (doporučeno vyžádat vektor/transparentní PNG od klienta). Interní logo Sintery (rastr); název odvozen z názvu souboru — ověřit,yes,no,yes
Konplan,,,https://konplan.com/wp-content/uploads/konplan_logo_quer_gruen_2024.svg,official_website,raw/konplan.png,web/konplan.svg,web/konplan.png,web/konplan.webp,processed/mono-light/konplan-mono-light.png,processed/mono-dark/konplan-mono-dark.png,high,public_reference_confirmed,"SOUHLAS: užití loga jako reference smluvně ošetřeno (rámcová smlouva SINTERA – „Zákazník souhlasí s umístěním svého loga jako referenčního zákazníka pro účely webové a tištěné prezentace“). Web zdroj (found_svg, shoda se vzorem: yes). Official konplan.com 2024 logo SVG. Same wordmark 'konplan' + stylized parenthesis/wave mark as internal. CAVEAT: company did a brand color refresh - current official color is teal/green (#014D52) whereas the internal r…",no,no,yes
Lactalis - Mlékárna Klatovy,,,https://images.ctfassets.net/c4xiawjy3foe/1g0m0q8M8maOs0Pw1BpoxW/6db790dea0a676f5355eb8a1ec8a9e7b/Lactalis-logo.svg,official_website,raw/lactalis-mlekarna-klatovy.png,web/lactalis-mlekarna-klatovy.svg,web/lactalis-mlekarna-klatovy.png,web/lactalis-mlekarna-klatovy.webp,processed/mono-light/lactalis-mlekarna-klatovy-mono-light.png,processed/mono-dark/lactalis-mlekarna-klatovy-mono-dark.png,high,public_reference_confirmed,"SOUHLAS: užití loga jako reference smluvně ošetřeno (rámcová smlouva SINTERA – „Zákazník souhlasí s umístěním svého loga jako referenčního zákazníka pro účely webové a tištěné prezentace“). Web zdroj (found_svg, shoda se vzorem: yes). Official lactalis.com header logo SVG (Contentful CDN, viewBox 208x74). Rendered and confirmed it is the classic oval-swoosh 'LACTALIS' lockup (dark-blue wordmark + light-blue ellipse swoosh) that exactly matches the in…",no,no,yes
Leadec,,,(interní) PR SINTERA/Loga klientů/leadec-logo.png,other_public_source,raw/leadec.png,,web/leadec.png,web/leadec.webp,processed/mono-light/leadec-mono-light.png,processed/mono-dark/leadec-mono-dark.png,medium,public_reference_confirmed,SOUHLAS: užití loga jako reference smluvně ošetřeno (rámcová smlouva SINTERA – „Zákazník souhlasí s umístěním svého loga jako referenčního zákazníka pro účely webové a tištěné prezentace“). Čistý veřejný zdroj nenalezen — použit interní rastr Sintery (doporučeno vyžádat vektor/transparentní PNG od klienta). Interní logo Sintery (rastr); název odvozen z názvu souboru — ověřit,yes,no,yes
Leoni,,,https://www.leoni.com/_assets/fa8034ecf72d82701a1cfbae71dd8768/Frontend/Images/logo-leoni.svg,official_website,raw/leoni.png,web/leoni.svg,web/leoni.png,web/leoni.webp,processed/mono-light/leoni-mono-light.png,processed/mono-dark/leoni-mono-dark.png,high,public_reference_confirmed,"SOUHLAS: užití loga jako reference smluvně ošetřeno (rámcová smlouva SINTERA – „Zákazník souhlasí s umístěním svého loga jako referenčního zákazníka pro účely webové a tištěné prezentace“). Web zdroj (found_svg, shoda se vzorem: yes). Official leoni.com header logo SVG. Rendered: blue 'LEONI' wordmark, exact match to internal ground truth. Wikimedia File:Leoni_AG_Logo.svg exists too but upload host was rate-limiting; official site used. Validated: <s…",yes,no,yes
Lukov,,,(interní) PR SINTERA/Loga klientů/lukov.jpg,other_public_source,raw/lukov.jpg,,web/lukov.png,web/lukov.webp,processed/mono-light/lukov-mono-light.png,processed/mono-dark/lukov-mono-dark.png,medium,public_reference_confirmed,SOUHLAS: užití loga jako reference smluvně ošetřeno (rámcová smlouva SINTERA – „Zákazník souhlasí s umístěním svého loga jako referenčního zákazníka pro účely webové a tištěné prezentace“). Čistý veřejný zdroj nenalezen — použit interní rastr Sintery (doporučeno vyžádat vektor/transparentní PNG od klienta). Interní logo Sintery (rastr); název odvozen z názvu souboru — ověřit,yes,no,yes
Madeta,,,https://www.madeta.cz/images/logo.svg,official_website,raw/madeta.png,web/madeta.svg,web/madeta.png,web/madeta.webp,processed/mono-light/madeta-mono-light.png,processed/mono-dark/madeta-mono-dark.png,high,public_reference_confirmed,"SOUHLAS: užití loga jako reference smluvně ošetřeno (rámcová smlouva SINTERA – „Zákazník souhlasí s umístěním svého loga jako referenčního zákazníka pro účely webové a tištěné prezentace“). Web zdroj (found_svg, shoda se vzorem: yes). Official madeta.cz logo SVG (viewBox 0 0 328 129). Blue (#004388) 'MADETA' wordmark inside the blue banner/ribbon on transparent background, exact match to internal ground truth. No Wikimedia SVG exists for Madeta. Vali…",no,no,yes
Magna,,,https://commons.wikimedia.org/wiki/File:Magna_logo.svg,wikimedia,raw/magna.png,web/magna.svg,web/magna.png,web/magna.webp,processed/mono-light/magna-mono-light.png,processed/mono-dark/magna-mono-dark.png,high,public_reference_confirmed,"SOUHLAS: užití loga jako reference smluvně ošetřeno (rámcová smlouva SINTERA – „Zákazník souhlasí s umístěním svého loga jako referenčního zákazníka pro účely webové a tištěné prezentace“). Web zdroj (found_svg, shoda se vzorem: yes). Magna International (auto parts). Wikimedia Commons official SVG. Rendered thumbnail confirms exact match to ground truth: black M-triangle mark with red dot + grey MAGNA wordmark. Clean transparent vector. Downloaded v…",no,no,yes
Mahle,,,https://commons.wikimedia.org/wiki/File:Mahle_(Unternehmen)_2020_logo.svg,wikimedia,raw/mahle.jpg,web/mahle.svg,web/mahle.png,web/mahle.webp,processed/mono-light/mahle-mono-light.png,processed/mono-dark/mahle-mono-dark.png,high,public_reference_confirmed,"SOUHLAS: užití loga jako reference smluvně ošetřeno (rámcová smlouva SINTERA – „Zákazník souhlasí s umístěním svého loga jako referenčního zákazníka pro účely webové a tištěné prezentace“). Web zdroj (found_svg, shoda se vzorem: yes). MAHLE (automotive filtration/engine components). Wikimedia Commons official 2020 SVG (1024px nominal). Blue blocky MAHLE wordmark matches ground truth. Note: this is the bare wordmark; Sintera's reference adds the 'Driv…",no,no,yes
Mann Hummel,,,https://commons.wikimedia.org/wiki/File:MANN%2BHUMMEL_Logo.svg,wikimedia,raw/mann-hummel.jpg,web/mann-hummel.svg,web/mann-hummel.png,web/mann-hummel.webp,processed/mono-light/mann-hummel-mono-light.png,processed/mono-dark/mann-hummel-mono-dark.png,high,public_reference_confirmed,"SOUHLAS: užití loga jako reference smluvně ošetřeno (rámcová smlouva SINTERA – „Zákazník souhlasí s umístěním svého loga jako referenčního zákazníka pro účely webové a tištěné prezentace“). Web zdroj (found_svg, shoda se vzorem: yes). MANN+HUMMEL (filtration). Wikimedia Commons official SVG. Correct green MANN+HUMMEL wordmark. Caveat: this is the horizontal wordmark lockup; Sintera's reference uses the older green-square block lockup. Same brand, cur…",yes,no,yes
Mas,,,(interní) PR SINTERA/Loga klientů/mas.jpg,other_public_source,raw/mas.jpg,,web/mas.png,web/mas.webp,processed/mono-light/mas-mono-light.png,processed/mono-dark/mas-mono-dark.png,low,public_reference_confirmed,SOUHLAS: užití loga jako reference smluvně ošetřeno (rámcová smlouva SINTERA – „Zákazník souhlasí s umístěním svého loga jako referenčního zákazníka pro účely webové a tištěné prezentace“). Čistý veřejný zdroj nenalezen — použit interní rastr Sintery (doporučeno vyžádat vektor/transparentní PNG od klienta). Interní logo Sintery (rastr); název odvozen z názvu souboru — ověřit. | barevné/ne-bílé pozadí (nutný ruční ořez) | nízké rozlišení (170x43),yes,no,yes
MBtech,,,https://cdnlogo.com/logo/mbtech_16239.html,other_public_source,raw/mbtech.jpg,web/mbtech.svg,web/mbtech.png,web/mbtech.webp,processed/mono-light/mbtech-mono-light.png,processed/mono-dark/mbtech-mono-dark.png,medium,public_reference_confirmed,"SOUHLAS: užití loga jako reference smluvně ošetřeno (rámcová smlouva SINTERA – „Zákazník souhlasí s umístěním svého loga jako referenčního zákazníka pro účely webové a tištěné prezentace“). Web zdroj (found_svg, shoda se vzorem: yes). MBtech (Mercedes-Benz/AKKA engineering & consulting). Official site mbtech-group.com is a JS/bot-protected SPA with no fetchable asset. Accepted the vector from cdnlogo (identical file also on worldvectorlogo). Rendered…",no,no,yes
Md Elektronik,,,(interní) PR SINTERA/Loga klientů/md elektronik.png,other_public_source,raw/md-elektronik.png,,web/md-elektronik.png,web/md-elektronik.webp,processed/mono-light/md-elektronik-mono-light.png,processed/mono-dark/md-elektronik-mono-dark.png,medium,public_reference_confirmed,SOUHLAS: užití loga jako reference smluvně ošetřeno (rámcová smlouva SINTERA – „Zákazník souhlasí s umístěním svého loga jako referenčního zákazníka pro účely webové a tištěné prezentace“). Čistý veřejný zdroj nenalezen — použit interní rastr Sintery (doporučeno vyžádat vektor/transparentní PNG od klienta). Interní logo Sintery (rastr); název odvozen z názvu souboru — ověřit,yes,no,yes
Mea,,,https://www.mea-group.com/de/wp-content/uploads/sites/3/2021/02/MEA_Logo_55mm_4c_Claim.svg,official_website,raw/mea.jpg,web/mea.svg,web/mea.png,web/mea.webp,processed/mono-light/mea-mono-light.png,processed/mono-dark/mea-mono-dark.png,high,public_reference_confirmed,"SOUHLAS: užití loga jako reference smluvně ošetřeno (rámcová smlouva SINTERA – „Zákazník souhlasí s umístěním svého loga jako referenčního zákazníka pro účely webové a tištěné prezentace“). Web zdroj (found_svg, shoda se vzorem: yes). MEA Group (building systems / water management / drainage, mea-group.com). Official-site SVG including the 'BUILDING SUCCESS' claim - rendered thumbnail is an exact match to the red/yellow ground-truth mark. WRONG-ENTIT…",no,no,yes
Megatech,,,(interní) PR SINTERA/Loga klientů/megatech.png,other_public_source,raw/megatech.png,,web/megatech.png,web/megatech.webp,processed/mono-light/megatech-mono-light.png,processed/mono-dark/megatech-mono-dark.png,medium,public_reference_confirmed,SOUHLAS: užití loga jako reference smluvně ošetřeno (rámcová smlouva SINTERA – „Zákazník souhlasí s umístěním svého loga jako referenčního zákazníka pro účely webové a tištěné prezentace“). Čistý veřejný zdroj nenalezen — použit interní rastr Sintery (doporučeno vyžádat vektor/transparentní PNG od klienta). Interní logo Sintery (rastr); název odvozen z názvu souboru — ověřit,yes,no,yes
Membrain,,,(interní) PR SINTERA/Loga klientů/membrain.png,other_public_source,raw/membrain.png,,web/membrain.png,web/membrain.webp,processed/mono-light/membrain-mono-light.png,processed/mono-dark/membrain-mono-dark.png,medium,public_reference_confirmed,SOUHLAS: užití loga jako reference smluvně ošetřeno (rámcová smlouva SINTERA – „Zákazník souhlasí s umístěním svého loga jako referenčního zákazníka pro účely webové a tištěné prezentace“). Čistý veřejný zdroj nenalezen — použit interní rastr Sintery (doporučeno vyžádat vektor/transparentní PNG od klienta). Interní logo Sintery (rastr); název odvozen z názvu souboru — ověřit,yes,no,yes
Meopta,,,https://www.meopta.com/AspService/download.asp?url=71515/download/basic/meopta-logo.pdf,official_website,raw/meopta.jpg,,web/meopta.png,web/meopta.webp,processed/mono-light/meopta-mono-light.png,processed/mono-dark/meopta-mono-dark.png,high,public_reference_confirmed,"SOUHLAS: užití loga jako reference smluvně ošetřeno (rámcová smlouva SINTERA – „Zákazník souhlasí s umístěním svého loga jako referenčního zákazníka pro účely webové a tištěné prezentace“). Web zdroj (found_png, shoda se vzorem: yes). Exact match to internal ground truth (the 'me opta' two-oval lockup). Downloaded the OFFICIAL Meopta logo PDF from meopta.com, rendered at high res, then made the page background transparent via edge flood-fill (preserv…",no,no,yes
Mobis Czech,,,https://commons.wikimedia.org/wiki/File:Hyundai_Mobis_Logo.svg,wikimedia,raw/mobis-czech.jpg,web/mobis-czech.svg,web/mobis-czech.png,web/mobis-czech.webp,processed/mono-light/mobis-czech-mono-light.png,processed/mono-dark/mobis-czech-mono-dark.png,high,public_reference_confirmed,"SOUHLAS: užití loga jako reference smluvně ošetřeno (rámcová smlouva SINTERA – „Zákazník souhlasí s umístěním svého loga jako referenčního zákazníka pro účely webové a tištěné prezentace“). Web zdroj (found_svg, shoda se vzorem: yes). Perfect match to internal ground truth: blue 'HYUNDAI' wordmark above black 'MOBIS' with the red swoosh/ring inside the O. Wikimedia Commons SVG, valid XML, brand colors #1C4381 (blue) and #CC1424 (red). Mobis Czech is …",no,no,yes
Moravia Propag,,,(interní) PR SINTERA/Loga klientů/moravia propag.jpg,other_public_source,raw/moravia-propag.jpg,,web/moravia-propag.png,web/moravia-propag.webp,processed/mono-light/moravia-propag-mono-light.png,processed/mono-dark/moravia-propag-mono-dark.png,low,public_reference_confirmed,SOUHLAS: užití loga jako reference smluvně ošetřeno (rámcová smlouva SINTERA – „Zákazník souhlasí s umístěním svého loga jako referenčního zákazníka pro účely webové a tištěné prezentace“). Čistý veřejný zdroj nenalezen — použit interní rastr Sintery (doporučeno vyžádat vektor/transparentní PNG od klienta). Interní logo Sintery (rastr); název odvozen z názvu souboru — ověřit. | nízké rozlišení (206x85),yes,no,yes
Mssl,,,https://en.wikipedia.org/wiki/File:Samvardhana_Motherson.svg,wikimedia,raw/mssl.png,web/mssl.svg,web/mssl.png,web/mssl.webp,processed/mono-light/mssl-mono-light.png,processed/mono-dark/mssl-mono-dark.png,high,public_reference_confirmed,"SOUHLAS: užití loga jako reference smluvně ošetřeno (rámcová smlouva SINTERA – „Zákazník souhlasí s umístěním svého loga jako referenčního zákazníka pro účely webové a tištěné prezentace“). Web zdroj (found_svg, shoda se vzorem: yes). MSSL = Motherson (Samvardhana Motherson group / Motherson Sumi). Internal ground truth shows 'samvardhana motherson' (stacked) with the distinctive red ascending/staircase bars. This en.wikipedia SVG shows the current '…",no,no,yes
Mubea,,,https://www.mubea.com/en/,official_website,raw/mubea.jpg,web/mubea.svg,web/mubea.png,web/mubea.webp,processed/mono-light/mubea-mono-light.png,processed/mono-dark/mubea-mono-dark.png,high,public_reference_confirmed,"SOUHLAS: užití loga jako reference smluvně ošetřeno (rámcová smlouva SINTERA – „Zákazník souhlasí s umístěním svého loga jako referenčního zákazníka pro účely webové a tištěné prezentace“). Web zdroj (found_svg, shoda se vzorem: yes). Extracted the official inline <symbol id='mubea-logo'> from mubea.com header into a standalone valid SVG. Brand blue #004B95 matches the internal blue 'Mubea' wordmark exactly. This official version additionally include…",no,no,yes
MZ Liberec,,,https://www.mzliberec.cz/templates/images/logo.svg,official_website,raw/mz-liberec.jpg,web/mz-liberec.svg,web/mz-liberec.png,web/mz-liberec.webp,processed/mono-light/mz-liberec-mono-light.png,processed/mono-dark/mz-liberec-mono-dark.png,high,public_reference_confirmed,"SOUHLAS: užití loga jako reference smluvně ošetřeno (rámcová smlouva SINTERA – „Zákazník souhlasí s umístěním svého loga jako referenčního zákazníka pro účely webové a tištěné prezentace“). Web zdroj (found_svg, shoda se vzorem: unsure). Right company confirmed (MZ Liberec, mzliberec.cz, medical/industrial gas distribution systems). This is the CURRENT official logo: a modern black 'MZ' monogram + black 'Liberec'. However it differs notably from the int…",yes,no,yes
Notino,,,https://www.notino.com/,official_website,raw/notino.png,web/notino.svg,web/notino.png,web/notino.webp,processed/mono-light/notino-mono-light.png,processed/mono-dark/notino-mono-dark.png,high,public_reference_confirmed,"SOUHLAS: užití loga jako reference smluvně ošetřeno (rámcová smlouva SINTERA – „Zákazník souhlasí s umístěním svého loga jako referenčního zákazníka pro účely webové a tištěné prezentace“). Web zdroj (found_svg, shoda se vzorem: yes). Extracted the official inline logo SVG from notino.com header (clean vector, valid XML). This is the BOXED/reversed variant: white 'NOTINO' knocked out of a black rounded rectangle. Internal ground truth is the POSITIVE…",no,no,yes
Olbrich,,,(interní) PR SINTERA/Loga klientů/olbrich.jpg,other_public_source,raw/olbrich.jpg,,web/olbrich.png,web/olbrich.webp,processed/mono-light/olbrich-mono-light.png,processed/mono-dark/olbrich-mono-dark.png,low,public_reference_confirmed,SOUHLAS: užití loga jako reference smluvně ošetřeno (rámcová smlouva SINTERA – „Zákazník souhlasí s umístěním svého loga jako referenčního zákazníka pro účely webové a tištěné prezentace“). Čistý veřejný zdroj nenalezen — použit interní rastr Sintery (doporučeno vyžádat vektor/transparentní PNG od klienta). Interní logo Sintery (rastr); název odvozen z názvu souboru — ověřit,yes,no,yes
Omega Optics,,,https://omega-optix.cz/wp-content/themes/alcapone/img/logo.svg,official_website,raw/omega-optics.png,web/omega-optics.svg,web/omega-optics.png,web/omega-optics.webp,processed/mono-light/omega-optics-mono-light.png,processed/mono-dark/omega-optics-mono-dark.png,high,public_reference_confirmed,"SOUHLAS: užití loga jako reference smluvně ošetřeno (rámcová smlouva SINTERA – „Zákazník souhlasí s umístěním svého loga jako referenčního zákazníka pro účely webové a tištěné prezentace“). Web zdroj (found_svg, shoda se vzorem: yes). Display name says 'Omega Optics' but internal ground-truth mark reads 'OMEGA OPTIX' (Czech eyewear maker) with a crosshair/lens symbol. Pulled official SVG from omega-optix.cz header. Rendered: pink+blue stylized eye/le…",no,no,yes
Openmatics,,,https://commons.wikimedia.org/wiki/File:Openmatics_logo.png,wikimedia,raw/openmatics.jpg,,web/openmatics.png,web/openmatics.webp,processed/mono-light/openmatics-mono-light.png,processed/mono-dark/openmatics-mono-dark.png,high,public_reference_confirmed,"SOUHLAS: užití loga jako reference smluvně ošetřeno (rámcová smlouva SINTERA – „Zákazník souhlasí s umístěním svého loga jako referenčního zákazníka pro účely webové a tištěné prezentace“). Web zdroj (found_png, shoda se vzorem: yes). ZF Openmatics telematics brand. Wikimedia Commons transparent PNG, 1920x227, RGBA, alpha extrema (0,255) = transparent. Rendered: 'OPEN' in blue + 'MATICS' in gray, exactly matching the internal two-tone wordmark (inter…",yes,no,yes
Parfums,,,(interní) PR SINTERA/Loga klientů/parfums.jpg,other_public_source,raw/parfums.jpg,,web/parfums.png,web/parfums.webp,processed/mono-light/parfums-mono-light.png,processed/mono-dark/parfums-mono-dark.png,low,public_reference_confirmed,SOUHLAS: užití loga jako reference smluvně ošetřeno (rámcová smlouva SINTERA – „Zákazník souhlasí s umístěním svého loga jako referenčního zákazníka pro účely webové a tištěné prezentace“). Čistý veřejný zdroj nenalezen — použit interní rastr Sintery (doporučeno vyžádat vektor/transparentní PNG od klienta). Interní logo Sintery (rastr); název odvozen z názvu souboru — ověřit,yes,no,yes
Pekm - Cvg,,,https://companieslogo.com/commercial-vehicle-group/logo/,other_public_source,raw/pekm-cvg.jpg,web/pekm-cvg.svg,web/pekm-cvg.png,web/pekm-cvg.webp,processed/mono-light/pekm-cvg-mono-light.png,processed/mono-dark/pekm-cvg-mono-dark.png,high,public_reference_confirmed,"SOUHLAS: užití loga jako reference smluvně ošetřeno (rámcová smlouva SINTERA – „Zákazník souhlasí s umístěním svého loga jako referenčního zákazníka pro účely webové a tištěné prezentace“). Web zdroj (found_svg, shoda se vzorem: yes). Client is PEKM Kabeltechnik s.r.o. (Liberec, cable harnesses), 100% owned by Commercial Vehicle Group, Inc. (CVG) since 2007. Internal ground-truth = CVG corporate logo (legacy gold/khaki 'CVG' in an oval globe + 'Comme…",no,no,yes
Phillips Medisize,,,(interní) PR SINTERA/Loga klientů/phillips medisize.jpg,other_public_source,raw/phillips-medisize.jpg,,web/phillips-medisize.png,web/phillips-medisize.webp,processed/mono-light/phillips-medisize-mono-light.png,processed/mono-dark/phillips-medisize-mono-dark.png,medium,public_reference_confirmed,SOUHLAS: užití loga jako reference smluvně ošetřeno (rámcová smlouva SINTERA – „Zákazník souhlasí s umístěním svého loga jako referenčního zákazníka pro účely webové a tištěné prezentace“). Čistý veřejný zdroj nenalezen — použit interní rastr Sintery (doporučeno vyžádat vektor/transparentní PNG od klienta). Interní logo Sintery (rastr); název odvozen z názvu souboru — ověřit,yes,no,yes
PMP PAL,,,(interní) PR SINTERA/Loga klientů/PMP PAL.jpg,other_public_source,raw/pmp-pal.jpg,,web/pmp-pal.png,web/pmp-pal.webp,processed/mono-light/pmp-pal-mono-light.png,processed/mono-dark/pmp-pal-mono-dark.png,medium,public_reference_confirmed,SOUHLAS: užití loga jako reference smluvně ošetřeno (rámcová smlouva SINTERA – „Zákazník souhlasí s umístěním svého loga jako referenčního zákazníka pro účely webové a tištěné prezentace“). Čistý veřejný zdroj nenalezen — použit interní rastr Sintery (doporučeno vyžádat vektor/transparentní PNG od klienta). Interní logo Sintery (rastr); název odvozen z názvu souboru — ověřit,yes,no,yes
Pražská Strojírna,,,(interní) PR SINTERA/Loga klientů/Pražská strojírna.jpg,other_public_source,raw/prazska-strojirna.jpg,,web/prazska-strojirna.png,web/prazska-strojirna.webp,processed/mono-light/prazska-strojirna-mono-light.png,processed/mono-dark/prazska-strojirna-mono-dark.png,medium,public_reference_confirmed,SOUHLAS: užití loga jako reference smluvně ošetřeno (rámcová smlouva SINTERA – „Zákazník souhlasí s umístěním svého loga jako referenčního zákazníka pro účely webové a tištěné prezentace“). Čistý veřejný zdroj nenalezen — použit interní rastr Sintery (doporučeno vyžádat vektor/transparentní PNG od klienta). Interní logo Sintery (rastr); název odvozen z názvu souboru — ověřit,yes,no,yes
Prysmian Group,,,https://logotyp.us/file/prysmian-group.svg,other_public_source,raw/prysmian-group.png,web/prysmian-group.svg,web/prysmian-group.png,web/prysmian-group.webp,processed/mono-light/prysmian-group-mono-light.png,processed/mono-dark/prysmian-group-mono-dark.png,high,public_reference_confirmed,"SOUHLAS: užití loga jako reference smluvně ošetřeno (rámcová smlouva SINTERA – „Zákazník souhlasí s umístěním svého loga jako referenčního zákazníka pro účely webové a tištěné prezentace“). Web zdroj (found_svg, shoda se vzorem: yes). Official 'Prysmian Group' wordmark (black 'Prysmian' + grey 'Group'), valid vector SVG from logotyp.us. Exact match to internal reference. Wikimedia Commons had File:Prysmian_logo.svg but their upload servers were retur…",no,no,yes
Redtoo,,,(interní) PR SINTERA/Loga klientů/redtoo.jpg,other_public_source,raw/redtoo.jpg,,web/redtoo.png,web/redtoo.webp,processed/mono-light/redtoo-mono-light.png,processed/mono-dark/redtoo-mono-dark.png,low,public_reference_confirmed,SOUHLAS: užití loga jako reference smluvně ošetřeno (rámcová smlouva SINTERA – „Zákazník souhlasí s umístěním svého loga jako referenčního zákazníka pro účely webové a tištěné prezentace“). Čistý veřejný zdroj nenalezen — použit interní rastr Sintery (doporučeno vyžádat vektor/transparentní PNG od klienta). Interní logo Sintery (rastr); název odvozen z názvu souboru — ověřit,yes,no,yes
Rs Automotive,,,https://web.archive.org/web/2id_/https://www.rs-automotive.com/System/img/RSA.svg,official_website,raw/rs-automotive.png,web/rs-automotive.svg,web/rs-automotive.png,web/rs-automotive.webp,processed/mono-light/rs-automotive-mono-light.png,processed/mono-dark/rs-automotive-mono-dark.png,high,public_reference_confirmed,"SOUHLAS: užití loga jako reference smluvně ošetřeno (rámcová smlouva SINTERA – „Zákazník souhlasí s umístěním svého loga jako referenčního zákazníka pro účely webové a tištěné prezentace“). Web zdroj (found_svg, shoda se vzorem: yes). R+S Automotive GmbH (German automotive interior tooling supplier). The standalone brand was absorbed into Olbrich/Matthews (rs-automotive.com now redirects to matthews-engineering.com), so the official RSA.svg logo was …",yes,no,yes
Sanborn,,,https://cdn.worldvectorlogo.com/logos/sanborn.svg,other_public_source,raw/sanborn.png,web/sanborn.svg,web/sanborn.png,web/sanborn.webp,processed/mono-light/sanborn-mono-light.png,processed/mono-dark/sanborn-mono-dark.png,high,public_reference_confirmed,"SOUHLAS: užití loga jako reference smluvně ošetřeno (rámcová smlouva SINTERA – „Zákazník souhlasí s umístěním svého loga jako referenčního zákazníka pro účely webové a tištěné prezentace“). Web zdroj (found_svg, shoda se vzorem: yes). Correct entity is SANBORN a.s. (Czech, 'Energetické a ekologické technologie'), NOT the US Sanborn Mfg air-compressor maker. The SVG renders with the exact blue water-drop-in-circular-S emblem and blue 'SANBORN' wordmar…",yes,no,yes
Schneider,,,(interní) PR SINTERA/Loga klientů/schneider nové.jpg,other_public_source,raw/schneider.jpg,,web/schneider.png,web/schneider.webp,processed/mono-light/schneider-mono-light.png,processed/mono-dark/schneider-mono-dark.png,medium,public_reference_confirmed,SOUHLAS: užití loga jako reference smluvně ošetřeno (rámcová smlouva SINTERA – „Zákazník souhlasí s umístěním svého loga jako referenčního zákazníka pro účely webové a tištěné prezentace“). Čistý veřejný zdroj nenalezen — použit interní rastr Sintery (doporučeno vyžádat vektor/transparentní PNG od klienta). Interní logo Sintery (rastr); název odvozen z názvu souboru — ověřit. | mono ponecháno v barvě (plné/odznakové logo),yes,no,yes
Skaličan,,,https://static.wixstatic.com/media/21f051_c5bde74355bb41f0afa2e0d14ddf0594~mv2.png,official_website,raw/skalican.jpg,,web/skalican.png,web/skalican.webp,processed/mono-light/skalican-mono-light.png,processed/mono-dark/skalican-mono-dark.png,high,public_reference_confirmed,"SOUHLAS: užití loga jako reference smluvně ošetřeno (rámcová smlouva SINTERA – „Zákazník souhlasí s umístěním svého loga jako referenčního zákazníka pro účely webové a tištěné prezentace“). Web zdroj (found_png, shoda se vzorem: yes). Skalican (Czech meat/sausage processor, Ceska Skalice, skalican.cz). Original transparent PNG pulled from their official Wix media CDN: 2549x683, transparency confirmed (alpha 0-255). Renders as blue swoosh arc above re…",yes,no,yes
SpofaDental,,,(interní) PR SINTERA/Loga klientů/SpofaDental.jpg,other_public_source,raw/spofadental.jpg,,web/spofadental.png,web/spofadental.webp,processed/mono-light/spofadental-mono-light.png,processed/mono-dark/spofadental-mono-dark.png,low,public_reference_confirmed,SOUHLAS: užití loga jako reference smluvně ošetřeno (rámcová smlouva SINTERA – „Zákazník souhlasí s umístěním svého loga jako referenčního zákazníka pro účely webové a tištěné prezentace“). Čistý veřejný zdroj nenalezen — použit interní rastr Sintery (doporučeno vyžádat vektor/transparentní PNG od klienta). Interní logo Sintery (rastr); název odvozen z názvu souboru — ověřit. | nízké rozlišení (448x112),yes,no,yes
SSI Schäfer,,,https://www.ssi-schaefer.com/resource/crblob/480/a14c9a665a8272cc2b80687168a2e3d7/logo-ssi-schaefer-svg-data.svg,official_website,raw/ssi-schafer.png,web/ssi-schafer.svg,web/ssi-schafer.png,web/ssi-schafer.webp,processed/mono-light/ssi-schafer-mono-light.png,processed/mono-dark/ssi-schafer-mono-dark.png,high,public_reference_confirmed,"SOUHLAS: užití loga jako reference smluvně ošetřeno (rámcová smlouva SINTERA – „Zákazník souhlasí s umístěním svého loga jako referenčního zákazníka pro účely webové a tištěné prezentace“). Web zdroj (found_svg, shoda se vzorem: yes). Official SSI Schaefer logo SVG from ssi-schaefer.com (Adobe Illustrator export, valid <svg>...</svg>, 8.6KB). Correct entity: same 'SSI SCHAEFER' wordmark as the internal ground-truth. Caveat: official asset is monochro…",yes,no,yes
Swoboda-stamping,,,https://www.swoboda.com/_assets/0d35b6c1062850954ae7a6eb4b35c438/Img/swoboda-logo.svg,official_website,raw/swoboda-stamping.jpg,web/swoboda-stamping.svg,web/swoboda-stamping.png,web/swoboda-stamping.webp,processed/mono-light/swoboda-stamping-mono-light.png,processed/mono-dark/swoboda-stamping-mono-dark.png,high,public_reference_confirmed,"SOUHLAS: užití loga jako reference smluvně ošetřeno (rámcová smlouva SINTERA – „Zákazník souhlasí s umístěním svého loga jako referenčního zákazníka pro účely webové a tištěné prezentace“). Web zdroj (found_svg, shoda se vzorem: yes). Official Swoboda group logo SVG from swoboda.com (valid SVG, 12.9KB, viewBox 197x59). The 'swoboda' wordmark matches the internal exactly; internal additionally has 'stamping' (a division label). This is the parent/grou…",yes,no,yes
Tech Data,,,https://cdn.freebiesupply.com/logos/large/2x/tech-data-logo-svg-vector.svg,other_public_source,raw/tech-data.jpg,web/tech-data.svg,web/tech-data.png,web/tech-data.webp,processed/mono-light/tech-data-mono-light.png,processed/mono-dark/tech-data-mono-dark.png,medium,public_reference_confirmed,"SOUHLAS: užití loga jako reference smluvně ošetřeno (rámcová smlouva SINTERA – „Zákazník souhlasí s umístěním svého loga jako referenčního zákazníka pro účely webové a tištěné prezentace“). Web zdroj (found_svg, shoda se vzorem: yes). Clean transparent vector SVG (valid, 4.5KB; bounding rect is fill-opacity=0 so genuinely transparent). Correct entity: same TD diamond symbol + 'Tech Data' wordmark with registered mark as the internal. Caveat: this is …",yes,no,yes
Technistone,,,https://www.technistone.com/img/brands/logo.svg,official_website,raw/technistone.jpg,web/technistone.svg,web/technistone.png,web/technistone.webp,processed/mono-light/technistone-mono-light.png,processed/mono-dark/technistone-mono-dark.png,high,public_reference_confirmed,"SOUHLAS: užití loga jako reference smluvně ošetřeno (rámcová smlouva SINTERA – „Zákazník souhlasí s umístěním svého loga jako referenčního zákazníka pro účely webové a tištěné prezentace“). Web zdroj (found_svg, shoda se vzorem: yes). Official Technistone logo SVG from technistone.com (Adobe Illustrator export, valid, 6.1KB; dark #1D1D1B + grey #54565A). Rendered and visually confirmed: 'TechniStone(R)' wordmark identical to internal. Current officia…",yes,no,yes
Tgs,,,https://tgs.cz/_templates/project_frontend/images/logo.svg,official_website,raw/tgs.jpg,web/tgs.svg,web/tgs.png,web/tgs.webp,processed/mono-light/tgs-mono-light.png,processed/mono-dark/tgs-mono-dark.png,high,public_reference_confirmed,"SOUHLAS: užití loga jako reference smluvně ošetřeno (rámcová smlouva SINTERA – „Zákazník souhlasí s umístěním svého loga jako referenčního zákazníka pro účely webové a tištěné prezentace“). Web zdroj (found_svg, shoda se vzorem: yes). Official SVG from tgs.cz (TGS nastroje-stroje-technologicke sluzby, Czech engineering tooling/machinery firm in Myto/Holoubkov). Valid SVG (2.6KB) with blue #0676cf + black #2B2A29, matching the internal blue-stripes + …",no,no,yes
TKD - Epcos,,,https://companieslogo.com/img/orig/6762.T_BIG-f8e06b33.svg,other_public_source,raw/tkd-epcos.jpg,web/tkd-epcos.svg,web/tkd-epcos.png,web/tkd-epcos.webp,processed/mono-light/tkd-epcos-mono-light.png,processed/mono-dark/tkd-epcos-mono-dark.png,high,public_reference_confirmed,"SOUHLAS: užití loga jako reference smluvně ošetřeno (rámcová smlouva SINTERA – „Zákazník souhlasí s umístěním svého loga jako referenčního zákazníka pro účely webové a tištěné prezentace“). Web zdroj (found_svg, shoda se vzorem: yes). TDK full logo SVG (blue #0A57A0 geometric triangle/diamond symbol + 'TDK' wordmark), rendered and visually confirmed. Correct entity: internal mark is the TDK symbol + 'TDK / TDK-EPC' — EPCOS AG became TDK Electronics (…",yes,no,yes
Trcz,,,(interní) PR SINTERA/Loga klientů/trcz-new.jpg,other_public_source,raw/trcz.jpg,,web/trcz.png,web/trcz.webp,processed/mono-light/trcz-mono-light.png,processed/mono-dark/trcz-mono-dark.png,low,public_reference_confirmed,SOUHLAS: užití loga jako reference smluvně ošetřeno (rámcová smlouva SINTERA – „Zákazník souhlasí s umístěním svého loga jako referenčního zákazníka pro účely webové a tištěné prezentace“). Čistý veřejný zdroj nenalezen — použit interní rastr Sintery (doporučeno vyžádat vektor/transparentní PNG od klienta). Interní logo Sintery (rastr); název odvozen z názvu souboru — ověřit. | nízké rozlišení (502x100),yes,no,yes
Tristone,,,(interní) PR SINTERA/Loga klientů/tristone.jpg,other_public_source,raw/tristone.jpg,,web/tristone.png,web/tristone.webp,processed/mono-light/tristone-mono-light.png,processed/mono-dark/tristone-mono-dark.png,medium,public_reference_confirmed,SOUHLAS: užití loga jako reference smluvně ošetřeno (rámcová smlouva SINTERA – „Zákazník souhlasí s umístěním svého loga jako referenčního zákazníka pro účely webové a tištěné prezentace“). Čistý veřejný zdroj nenalezen — použit interní rastr Sintery (doporučeno vyžádat vektor/transparentní PNG od klienta). Interní logo Sintery (rastr); název odvozen z názvu souboru — ověřit,yes,no,yes
Trw,,,https://commons.wikimedia.org/wiki/File:TRW_logo.svg,wikimedia,raw/trw.jpg,web/trw.svg,web/trw.png,web/trw.webp,processed/mono-light/trw-mono-light.png,processed/mono-dark/trw-mono-dark.png,high,public_reference_confirmed,"SOUHLAS: užití loga jako reference smluvně ošetřeno (rámcová smlouva SINTERA – „Zákazník souhlasí s umístěním svého loga jako referenčního zákazníka pro účely webové a tištěné prezentace“). Web zdroj (found_svg, shoda se vzorem: yes). Classic red italic TRW automotive wordmark. Wikimedia 'File:TRW logo.svg' (1105x320). SVG fill #cc0001 red matches the internal ground-truth red italic TRW mark exactly. Chose the standalone TRW mark (not the ZF TRW com…",no,no,yes
Voith,,,https://commons.wikimedia.org/wiki/File:Voith_logo.svg,wikimedia,raw/voith.png,web/voith.svg,web/voith.png,web/voith.webp,processed/mono-light/voith-mono-light.png,processed/mono-dark/voith-mono-dark.png,high,public_reference_confirmed,"SOUHLAS: užití loga jako reference smluvně ošetřeno (rámcová smlouva SINTERA – „Zákazník souhlasí s umístěním svého loga jako referenčního zákazníka pro účely webové a tištěné prezentace“). Web zdroj (found_svg, shoda se vzorem: yes). VOITH blue wordmark with dot-in-O. Wikimedia 'File:Voith logo.svg' (1024px wide; preferred over the tiny 113px 'Voith Logo.svg' variant). Fill #2d4275 dark blue matches the internal ground-truth blue VOITH wordmark. Val…",yes,no,yes
Volke MB,,,(interní) PR SINTERA/Loga klientů/Volke MB.jpg,other_public_source,raw/volke-mb.jpg,,web/volke-mb.png,web/volke-mb.webp,processed/mono-light/volke-mb-mono-light.png,processed/mono-dark/volke-mb-mono-dark.png,medium,public_reference_confirmed,SOUHLAS: užití loga jako reference smluvně ošetřeno (rámcová smlouva SINTERA – „Zákazník souhlasí s umístěním svého loga jako referenčního zákazníka pro účely webové a tištěné prezentace“). Čistý veřejný zdroj nenalezen — použit interní rastr Sintery (doporučeno vyžádat vektor/transparentní PNG od klienta). Interní logo Sintery (rastr); název odvozen z názvu souboru — ověřit,yes,no,yes
Wanzl,,,https://commons.wikimedia.org/wiki/File:Wanzl-logo.svg,wikimedia,raw/wanzl.jpg,web/wanzl.svg,web/wanzl.png,web/wanzl.webp,processed/mono-light/wanzl-mono-light.png,processed/mono-dark/wanzl-mono-dark.png,high,public_reference_confirmed,"SOUHLAS: užití loga jako reference smluvně ošetřeno (rámcová smlouva SINTERA – „Zákazník souhlasí s umístěním svého loga jako referenčního zákazníka pro účely webové a tištěné prezentace“). Web zdroj (found_svg, shoda se vzorem: yes). Lowercase italic 'wanzl' blue wordmark. Wikimedia 'File:Wanzl-logo.svg' (566px). Fill #008DCD blue matches the internal ground-truth blue wanzl wordmark. Valid XML, Illustrator-generated",yes,no,yes
Zodiac,,,https://www.logo.wine/logo/Zodiac_Aerospace,other_public_source,raw/zodiac.jpg,web/zodiac.svg,web/zodiac.png,web/zodiac.webp,processed/mono-light/zodiac-mono-light.png,processed/mono-dark/zodiac-mono-dark.png,high,public_reference_confirmed,"SOUHLAS: užití loga jako reference smluvně ošetřeno (rámcová smlouva SINTERA – „Zákazník souhlasí s umístěním svého loga jako referenčního zákazníka pro účely webové a tištěné prezentace“). Web zdroj (found_svg, shoda se vzorem: yes). Internal ground truth is ZODIAC AEROSPACE (navy wordmark + blue gradient swirl-square mark), the aerospace company now part of Safran - NOT the pool/inflatables brand. SVG from logo.wine contains navy #00386d, light-blu…",no,no,yes
Čd Telematika,,,(interní) PR SINTERA/Loga klientů/čd telematika.png,other_public_source,raw/cd-telematika.png,,web/cd-telematika.png,web/cd-telematika.webp,processed/mono-light/cd-telematika-mono-light.png,processed/mono-dark/cd-telematika-mono-dark.png,medium,public_reference_confirmed,SOUHLAS: užití loga jako reference smluvně ošetřeno (rámcová smlouva SINTERA – „Zákazník souhlasí s umístěním svého loga jako referenčního zákazníka pro účely webové a tištěné prezentace“). Čistý veřejný zdroj nenalezen — použit interní rastr Sintery (doporučeno vyžádat vektor/transparentní PNG od klienta). Interní logo Sintery (rastr); název odvozen z názvu souboru — ověřit,yes,no,yes
Škoda,,,https://logotyp.us/file/skoda.svg,other_public_source,raw/skoda.jpg,web/skoda.svg,web/skoda.png,web/skoda.webp,processed/mono-light/skoda-mono-light.png,processed/mono-dark/skoda-mono-dark.png,high,public_reference_confirmed,"SOUHLAS: užití loga jako reference smluvně ošetřeno (rámcová smlouva SINTERA – „Zákazník souhlasí s umístěním svého loga jako referenčního zákazníka pro účely webové a tištěné prezentace“). Web zdroj (found_svg, shoda se vzorem: yes). Internal reference is 'SKODA TVC s.r.o.' which uses the standard Skoda winged-arrow emblem + 'SKODA' wordmark. The official green winged-arrow Skoda emblem SVG (from logotyp.us, equivalent to Wikimedia's File:Skoda_Auto…",yes,no,yes
